,Openning Values,Highest Values,Lowest Values,Closing Values,Adjusted Closing Values,Volume of Stocks,Divident Amount
2023-10-06,316.2800,329.1900,311.2150,327.2600,327.2600,104962901,0.0000
2023-09-29,316.5900,319.4700,309.4500,315.7500,315.7500,107374481,0.0000
2023-09-22,327.8000,330.4000,315.0000,317.0100,317.0100,111793469,0.0000
2023-09-15,337.2400,340.8600,329.6500,330.2200,330.2200,108640058,0.0000
2023-09-08,329.0000,336.1600,328.6600,334.2700,334.2700,74018792,0.0000
2023-09-01,325.6600,331.9900,321.7220,328.6600,328.6600,90668160,0.0000
2023-08-25,317.9300,332.9800,317.0400,322.9800,322.9800,106273900,0.0000
2023-08-18,321.3900,325.0900,311.5508,316.4800,316.4800,102513461,0.6800
2023-08-11,328.3700,331.1100,319.2100,321.0100,320.3301,106911584,0.0000
2023-08-04,336.9200,338.5400,325.9500,327.7800,327.0858,113690368,0.0000
2023-07-28,345.8500,351.8900,329.0500,338.3700,337.6534,194860778,0.0000
2023-07-21,345.6780,366.7800,339.8300,343.7700,343.0419,228153310,0.0000
2023-07-14,334.6000,351.4300,327.0000,345.2400,344.5088,138404817,0.0000
2023-07-07,339.1900,342.9900,334.7276,337.2200,336.5058,80091428,0.0000
2023-06-30,333.7200,342.7300,328.4900,340.5400,339.8188,109964013,0.0000
2023-06-23,339.3100,342.0800,332.0700,335.0200,334.3105,98196871,0.0000
2023-06-16,328.5800,351.4700,325.1600,342.3300,341.6050,158712883,0.0000
2023-06-09,335.2200,338.5599,322.5000,326.7900,326.0979,128227063,0.0000
2023-06-02,335.2300,337.5000,324.7200,335.4000,334.6897,127697548,0.0000
2023-05-26,318.6000,333.4000,312.6100,332.8900,332.1850,158230100,0.0000
2023-05-19,309.0950,319.0400,307.5900,318.3400,317.6658,122204598,0.6800
2023-05-12,310.1300,313.0000,306.0900,308.9700,307.6494,124192361,0.0000
2023-05-05,306.9700,311.9700,303.4000,310.6500,309.3222,120776259,0.0000
2023-04-28,282.0900,308.9300,275.3700,307.2600,305.9467,219796618,0.0000
2023-04-21,289.9300,291.7550,283.0608,285.7600,284.5386,106024017,0.0000
2023-04-14,289.2080,289.9000,281.6400,286.1400,284.9170,122993610,0.0000
2023-04-06,286.5200,292.0800,282.0300,291.6000,290.3536,102542745,0.0000
2023-03-31,280.5000,289.2700,272.0451,288.3000,287.0677,131625277,0.0000
2023-03-24,276.9800,281.0600,269.5191,280.5700,279.3708,177709524,0.0000
2023-03-17,247.4000,283.3300,245.7300,279.4300,278.2357,237347572,0.0000
2023-03-10,256.4250,260.1200,247.6000,248.5900,247.5275,117910562,0.0000
2023-03-03,252.4600,255.6200,245.6100,255.2900,254.1988,126840033,0.0000
2023-02-24,254.4800,256.8400,248.1000,249.2200,248.1548,105098500,0.0000
2023-02-17,267.6400,274.9700,256.0000,258.0600,256.9570,170244679,0.6800
2023-02-10,257.4400,276.7600,254.7800,263.1000,261.3157,196239002,0.0000
2023-02-03,244.5100,264.6900,242.2000,258.3500,256.5979,152686042,0.0000
2023-01-27,241.1000,249.8300,230.9000,248.1600,246.4770,198648466,0.0000
2023-01-20,237.9700,242.3800,230.6800,240.2200,238.5908,123872791,0.0000
2023-01-13,226.4500,239.9000,226.4100,239.2300,237.6076,131675747,0.0000
2023-01-06,243.0800,245.7500,219.3500,224.9300,223.4045,159562627,0.0000
2022-12-30,238.7000,241.9200,234.1700,239.8200,238.1936,75854917,0.0000
2022-12-23,244.8600,245.6150,233.8700,238.7300,237.1109,128396491,0.0000
2022-12-16,247.4450,263.9150,243.5100,244.6900,243.0305,229942973,0.0000
2022-12-09,252.0100,253.8190,242.2050,245.4200,243.7556,109602043,0.0000
2022-12-02,246.0800,256.1200,238.2100,255.0200,253.2905,137930867,0.0000
2022-11-25,241.4300,248.7000,240.7100,247.4900,245.8115,74769633,0.0000
2022-11-18,241.9850,247.0000,237.6300,241.2200,239.5841,137343796,0.6800
2022-11-11,221.9900,247.9900,221.2800,247.1100,244.7456,170431704,0.0000
2022-11-04,233.7600,235.7400,213.4310,221.3900,219.2717,170779529,0.0000
2022-10-28,243.7600,251.0400,225.7800,235.8700,233.6132,223443932,0.0000
2022-10-21,235.8200,243.9300,234.2900,242.1200,239.8034,122568305,0.0000
2022-10-14,233.0500,237.2400,219.1300,228.5600,226.3731,154871905,0.0000
2022-10-07,235.4100,250.5800,233.1700,234.2400,231.9988,142125397,0.0000
2022-09-30,237.0450,242.3300,232.7300,232.9000,230.6716,146921666,0.0000
2022-09-23,242.4650,247.6600,235.2000,237.9200,235.6436,147215927,0.0000
2022-09-16,265.7800,267.4500,242.0627,244.7400,242.3983,147336678,0.0000
2022-09-09,256.2000,265.2300,251.9400,264.4600,261.9296,87823670,0.0000
2022-09-02,265.8500,267.4000,254.4700,256.0600,253.6100,113799087,0.0000
2022-08-26,282.0800,282.4600,267.9800,268.0900,265.5249,104858212,0.0000
2022-08-19,291.0000,294.1800,285.5600,286.1500,283.4121,92198119,0.6200
2022-08-12,284.0500,291.9100,277.6100,291.9100,288.5030,109536514,0.0000
2022-08-05,277.8200,283.8000,272.3800,282.9100,279.6080,102685912,0.0000
2022-07-29,260.9950,282.0000,249.5700,280.7400,277.4633,172010083,0.0000
2022-07-22,259.7500,265.3300,253.3000,260.3600,257.3212,113061843,0.0000
2022-07-15,265.6500,266.5300,245.9400,256.7200,253.7237,139761854,0.0000
2022-07-08,256.1600,269.0550,254.7400,267.6600,264.5360,87314678,0.0000
2022-07-01,268.2050,268.3000,252.9000,259.5800,256.5503,126633760,0.0000
2022-06-24,250.2550,267.9800,249.5100,267.7000,264.5755,115674192,0.0000
2022-06-17,245.1100,255.3000,241.5100,247.6500,244.7596,184152944,0.0000
2022-06-10,272.0600,274.1800,252.5300,252.9900,250.0372,120518929,0.0000
2022-06-03,272.5300,277.6900,261.6000,270.0200,266.8685,135187036,0.0000
2022-05-27,255.4900,273.3400,253.4300,273.2400,270.0509,142680141,0.0000
2022-05-20,259.9550,268.3300,246.4400,252.5600,249.6122,164627282,0.6200
2022-05-13,270.0600,273.7500,250.0200,261.1200,257.4441,221997169,0.0000
2022-05-06,277.7100,290.8800,271.2700,274.7300,270.8625,175633827,0.0000
2022-04-29,273.2900,290.9800,270.0000,277.5200,273.6133,211924047,0.0000
2022-04-22,278.9100,293.3000,273.3800,274.0300,270.1724,124741446,0.0000
2022-04-14,291.7900,292.6100,279.3200,279.8300,275.8907,115664768,0.0000
2022-04-08,310.0900,315.1100,296.2800,296.9700,292.7895,143204193,0.0000
2022-04-01,304.3300,315.9500,304.3300,309.4200,305.0642,148667745,0.0000
2022-03-25,298.8900,305.5000,294.9000,303.6800,299.4050,128192615,0.0000
2022-03-18,280.3400,301.0000,275.8200,300.4300,296.2007,175744631,0.0000
2022-03-11,288.5300,289.6900,270.0000,280.0700,276.1274,184358475,0.0000
2022-03-04,294.3100,303.1300,287.1650,289.8600,285.7795,157402366,0.0000
2022-02-25,285.0000,297.6300,271.5200,297.3100,293.1247,168916893,0.0000
2022-02-18,293.7700,300.8700,286.3050,287.9300,283.8767,160446684,0.6200
2022-02-11,306.1700,311.9300,294.2200,295.0400,290.2857,176800964,0.0000
2022-02-04,308.9500,315.1200,299.9600,305.9400,301.0101,202857381,0.0000
2022-01-28,292.2000,308.5000,276.0500,308.2600,303.2927,352537899,0.0000
2022-01-21,304.0700,313.9093,295.6100,296.0300,291.2597,180568678,0.0000
2022-01-14,309.4850,323.4100,303.7500,310.2000,305.2014,193141391,0.0000
2022-01-07,335.3500,338.0000,310.0900,314.0400,308.9795,174012812,0.0000
2021-12-31,335.4600,344.3000,335.4300,336.3200,330.9005,84417803,0.0000
2021-12-23,320.0500,336.3900,317.5700,334.6900,329.2968,97516470,0.0000
2021-12-17,340.6800,343.7900,317.2500,323.8000,318.5823,191737796,0.0000
2021-12-10,323.9500,343.0000,319.2300,342.5400,337.0203,146125332,0.0000
2021-12-03,334.9400,339.2800,318.0300,323.0100,317.8050,177395495,0.0000
2021-11-26,344.6200,349.6700,328.1200,329.6800,324.3675,107337225,0.0000
2021-11-19,337.5400,345.1000,334.0340,343.1100,337.5811,101090157,0.6200
2021-11-12,337.3000,338.7200,329.9200,336.7200,330.6895,106622220,0.0000
2021-11-05,331.3550,338.7900,326.3700,336.0600,330.0413,120621826,0.0000
2021-10-29,309.3600,332.0000,306.4600,331.6200,325.6808,159314433,0.0000
2021-10-22,303.5700,311.0900,302.6900,309.1600,303.6231,91315937,0.0000
2021-10-15,292.9200,304.4500,292.3500,304.2100,298.7617,113344507,0.0000
2021-10-08,287.4000,296.6409,280.2500,294.8500,289.5694,122462501,0.0000
2021-10-01,296.1400,296.4700,281.2900,289.1000,283.9223,155541590,0.0000
2021-09-24,296.3300,300.9000,289.5200,299.3500,293.9888,120872685,0.0000
2021-09-17,297.5500,305.3200,294.0800,299.8700,294.4994,134785958,0.0000
2021-09-10,301.0050,302.1400,295.3800,295.7100,290.4140,71791265,0.0000
2021-09-03,301.1150,305.1900,300.1800,301.1400,295.7467,92659391,0.0000
2021-08-27,303.2450,305.6500,296.8300,299.7200,294.3521,101283798,0.0000
2021-08-20,293.1900,305.8400,288.6400,304.3600,298.9090,135072369,0.5600
2021-08-13,289.7500,292.9000,285.2000,292.8500,287.0523,80543547,0.0000
2021-08-06,286.3600,289.6300,283.7400,289.4600,283.7294,80827209,0.0000
2021-07-30,289.0000,290.1500,282.9500,284.9100,279.2695,129074080,0.0000
2021-07-23,278.9335,289.9900,274.4500,289.6700,283.9352,129711825,0.0000
2021-07-16,279.1570,284.1000,276.5800,280.7500,275.1918,116956560,0.0000
2021-07-09,278.0300,280.6945,274.3000,277.9400,272.4374,103360847,0.0000
2021-07-02,266.1850,278.0000,265.9100,277.6500,272.1532,104384023,0.0000
2021-06-25,259.8200,267.8500,257.9200,265.0200,259.7732,117966870,0.0000
2021-06-18,257.9000,262.3000,254.4200,259.4300,254.2939,128993727,0.0000
2021-06-11,249.9800,258.4868,249.8100,257.8900,252.7844,107035149,0.0000
2021-06-04,251.2300,251.6500,243.0000,250.7900,245.8249,93208820,0.0000
2021-05-28,247.7850,252.9400,247.5100,249.6800,244.7369,99588636,0.0000
2021-05-21,246.5500,248.3300,238.6000,245.1700,240.3162,114541724,0.5600
2021-05-14,250.8700,251.7300,238.0700,248.1500,242.6782,153151228,0.0000
2021-05-07,253.4000,254.3500,244.6900,252.4600,246.8932,127807942,0.0000
2021-04-30,261.6600,263.1900,249.0000,252.1800,246.6194,169214799,0.0000
2021-04-23,260.1900,261.7800,255.6400,261.1500,255.3916,114067956,0.0000
2021-04-16,254.7100,261.0000,254.6200,260.7400,254.9906,124563138,0.0000
2021-04-09,242.7600,255.9900,242.7000,255.8500,250.2084,130514397,0.0000
2021-04-01,236.5900,242.8400,231.1000,242.3500,237.0061,123980920,0.0000
2021-03-26,230.2700,241.0500,230.1400,236.4800,231.2656,146927214,0.0000
2021-03-19,234.9600,240.0550,229.3496,230.3500,225.2707,164979946,0.0000
2021-03-12,231.3700,239.1700,227.1300,235.7500,230.5517,150656031,0.0000
2021-03-05,235.9000,237.4700,224.2600,231.6000,226.4932,168775377,0.0000
2021-02-26,237.4200,237.9300,227.8800,232.3800,227.2560,169414358,0.0000
2021-02-19,245.0300,246.1300,240.1800,240.9700,235.6566,90368267,0.5600
2021-02-12,243.1500,245.9200,240.8100,244.9900,239.0397,100112782,0.0000
2021-02-05,235.0600,245.0900,232.4300,242.2000,236.3175,129501505,0.0000
2021-01-29,229.1200,242.6400,224.2200,231.9600,226.3262,243806631,0.0000
2021-01-22,213.7500,230.0700,212.6300,225.9500,220.4622,129180335,0.0000
2021-01-15,218.4700,218.9100,212.0300,212.6500,207.4852,127375699,0.0000
2021-01-08,222.5300,223.0000,211.9400,219.6200,214.2859,147534431,0.0000
2020-12-31,224.4500,227.1800,219.6800,222.4200,217.0179,76380383,0.0000
2020-12-24,217.5500,225.6300,217.2801,222.7500,217.3399,89075493,0.0000
2020-12-18,213.1000,220.8900,212.2400,218.5900,213.2809,186710444,0.0000
2020-12-11,214.3700,216.9500,209.1100,213.2600,208.0804,137791151,0.0000
2020-12-04,214.1000,217.3200,210.8350,214.3600,209.1537,137074249,0.0000
2020-11-27,210.9500,216.2700,208.1600,215.2300,210.0025,95039045,0.0000
2020-11-20,214.8700,217.7400,209.9300,210.3900,205.2801,125116110,0.5600
2020-11-13,224.4350,228.1200,209.7200,216.5100,210.6925,158127280,0.0000
2020-11-06,204.2900,224.3600,200.1200,223.7200,217.7088,161978002,0.0000
2020-10-30,213.8500,216.3399,199.6200,202.4700,197.0297,193420153,0.0000
2020-10-23,220.4150,222.3000,211.7000,216.2300,210.4200,114335316,0.0000
2020-10-16,218.7900,225.2100,216.0100,219.6600,213.7578,141654870,0.0000
2020-10-09,207.2200,215.8600,204.8200,215.8100,210.0113,121950760,0.0000
2020-10-02,210.8800,213.9900,205.5400,206.1900,200.6498,150611695,0.0000
2020-09-25,197.1900,209.0400,196.3800,207.8200,202.2360,164800307,0.0000
2020-09-18,204.2400,210.6500,196.2500,200.3900,195.0056,167808757,0.0000
2020-09-11,206.5000,214.8399,201.2400,204.0300,198.5478,167684903,0.0000
2020-09-04,227.0000,232.8600,205.1900,214.2500,208.4932,206710590,0.0000
2020-08-28,214.7900,231.1500,212.4300,228.9100,222.7593,171999762,0.0000
2020-08-21,209.6000,216.2500,208.9100,213.0200,207.2963,132258021,0.5100
2020-08-14,211.6700,211.8800,203.1400,208.9000,202.7938,141752091,0.0000
2020-08-07,211.5200,217.6400,210.3100,212.4800,206.2691,217598950,0.0000
2020-07-31,201.4700,205.1000,199.0100,205.0100,199.0175,149372422,0.0000
2020-07-24,205.0000,213.9400,197.5100,201.3000,195.4159,230978319,0.0000
2020-07-17,214.4800,215.8000,201.3900,202.8800,196.9497,169559618,0.0000
2020-07-10,208.8300,216.3800,207.9900,213.6700,207.4243,158537665,0.0000
2020-07-02,195.7800,208.0200,193.5500,206.2600,200.2309,122405847,0.0000
2020-06-26,195.7900,203.9500,194.8800,196.3300,190.5912,182956736,0.0000
2020-06-19,184.5800,199.2900,184.0100,195.1500,189.4457,168517456,0.0000
2020-06-12,185.9400,198.5200,184.4400,187.7400,182.2523,203096094,0.0000
2020-06-05,182.5400,187.7300,181.3500,187.2000,181.7281,149429874,0.0000
2020-05-29,186.3400,186.5000,176.6000,183.2500,177.8935,151569299,0.0000
2020-05-22,185.7500,186.6700,182.5400,183.5100,178.1459,143226709,0.5100
2020-05-15,183.1500,187.5100,175.6800,183.1600,177.3191,196126640,0.0000
2020-05-08,174.4900,185.0000,173.8000,184.6800,178.7906,158579959,0.0000
2020-05-01,176.5900,180.4000,169.3900,174.5700,169.0030,212119968,0.0000
2020-04-24,176.6300,178.7500,166.1100,174.5500,168.9836,194621072,0.0000
2020-04-17,164.3500,180.0000,162.3000,178.6000,172.9045,238965670,0.0000
2020-04-09,160.3200,170.0000,157.5800,165.1400,159.8737,229630744,0.0000
2020-04-03,152.4400,164.7800,150.0100,153.8300,148.9244,290191457,0.0000
2020-03-27,137.0100,156.6600,132.5200,149.7000,144.9261,358866845,0.0000
2020-03-20,140.0000,150.1500,135.0000,137.3500,132.9699,421347734,0.0000
2020-03-13,151.0000,161.9100,138.5800,158.8300,153.7649,378231775,0.0000
2020-03-06,165.3100,175.0000,156.0000,161.5700,156.4176,313160520,0.0000
2020-02-28,167.7700,174.8400,152.0000,162.0100,156.8435,383019972,0.0000
2020-02-21,185.6100,188.1800,177.2500,178.5900,172.8948,143313345,0.5100
2020-02-14,183.5800,190.7000,181.8500,185.3500,178.9519,194512444,0.0000
2020-02-07,170.4300,185.6300,170.4000,183.8900,177.5423,167049170,0.0000
2020-01-31,161.1500,174.0500,160.2000,170.2300,164.3538,179845938,0.0000
2020-01-24,166.6800,168.1900,164.4500,165.0400,159.3430,97961146,0.0000
2020-01-17,161.7600,167.4700,161.2600,167.1000,161.3319,121822087,0.0000
2020-01-10,157.0800,163.2200,156.5100,161.3400,155.7707,112604365,0.0000
2020-01-03,158.9900,160.7300,156.4500,158.6200,153.1446,78506330,0.0000
2019-12-27,158.1200,159.5500,157.1200,158.9600,153.4729,59656712,0.0000
2019-12-20,155.1100,158.4900,153.7500,157.4100,151.9764,153142114,0.0000
2019-12-13,151.0700,154.8900,150.3300,154.5300,149.1958,100577839,0.0000
2019-12-06,151.8100,151.8700,146.6500,151.7500,146.5117,104537379,0.0000
2019-11-29,150.0000,152.5000,149.9200,151.3800,146.1545,74242278,0.0000
2019-11-22,150.0700,151.3300,148.4600,149.5900,144.4263,105652749,0.5100
2019-11-15,145.3400,149.9900,144.7300,149.9700,144.3013,93727027,0.0000
2019-11-08,144.8300,145.9900,143.2000,145.9600,140.4429,86277623,0.0000
2019-11-01,144.4000,145.6700,142.6500,143.7200,138.2876,131732463,0.0000
2019-10-25,138.4500,141.1400,135.6100,140.7300,135.4106,142631768,0.0000
2019-10-18,139.6900,141.7900,136.5600,137.4100,132.2161,107104735,0.0000
2019-10-11,137.1400,141.0300,135.6200,139.6800,134.4003,107510772,0.0000
2019-10-04,138.0500,140.2500,133.2200,138.1200,132.8992,123233428,0.0000
2019-09-27,139.2300,140.6900,136.0300,137.7300,132.5240,110281568,0.0000
2019-09-20,135.8300,142.3700,135.6600,139.4400,134.1693,135317290,0.0000
2019-09-13,139.5900,139.7500,134.5100,137.3200,132.1295,129776465,0.0000
2019-09-06,136.6100,140.3800,135.7000,139.1000,133.8422,83840107,0.0000
2019-08-30,134.9900,139.1800,133.5500,137.8600,132.6491,104909787,0.0000
2019-08-23,137.8500,139.4900,132.8000,133.3900,128.3480,117766903,0.0000
2019-08-16,137.0700,138.8000,132.2500,136.1300,130.9845,131659759,0.4600
2019-08-09,133.3000,139.3800,130.7800,137.7100,132.0513,159823950,0.0000
2019-08-02,141.5000,141.5100,135.0800,136.9000,131.2746,143400310,0.0000
2019-07-26,137.4100,141.6800,137.3300,141.3400,135.5322,101248083,0.0000
2019-07-19,139.4400,140.6700,134.6700,136.6200,131.0061,139389612,0.0000
2019-07-12,136.4000,139.2200,135.3700,138.9000,133.1925,102201981,0.0000
2019-07-05,136.6300,137.7400,134.9700,137.0600,131.4281,69662439,0.0000
2019-06-28,137.0000,138.4000,132.7300,133.9600,128.4554,124214457,0.0000
2019-06-21,132.6300,137.7300,132.5300,136.9700,131.3418,133967168,0.0000
2019-06-14,132.4000,134.2400,130.7100,132.4500,127.0075,102505844,0.0000
2019-06-07,123.8500,132.2500,119.0100,131.4000,126.0006,147636968,0.0000
2019-05-31,126.9800,128.0000,123.3200,123.6800,118.5979,89367881,0.0000
2019-05-24,126.5200,128.2400,124.7400,126.2400,121.0527,92123847,0.0000
2019-05-17,124.1100,130.4600,123.0400,128.0700,122.8075,139816701,0.4600
2019-05-10,126.3900,128.5600,123.5700,127.1300,121.4627,146827040,0.0000
2019-05-03,129.9000,130.7000,125.5200,128.9000,123.1538,119573665,0.0000
2019-04-26,122.6200,131.3700,122.5700,129.8900,124.0997,132620050,0.0000
2019-04-18,120.9400,123.5200,120.1000,123.3700,117.8703,77156295,0.0000
2019-04-12,119.8100,120.9800,118.5800,120.9500,115.5582,83159600,0.0000
2019-04-05,118.9500,120.4300,118.1000,119.8900,114.5455,99731237,0.0000
2019-03-29,116.5600,118.7100,115.5200,117.9400,112.6824,119632716,0.0000
2019-03-22,116.1700,120.8200,116.0500,117.0500,111.8321,160388610,0.0000
2019-03-15,110.9900,117.2500,110.9800,115.9100,110.7429,173532134,0.0000
2019-03-08,113.0200,113.2500,108.8000,110.5100,105.5836,111990712,0.0000
2019-03-01,111.7600,113.2400,110.8800,112.5300,107.5136,119359497,0.0000
2019-02-22,107.7900,111.2000,106.2900,110.9700,106.0231,96472580,0.4600
2019-02-15,106.2000,108.3000,104.9700,108.2200,102.9537,110757176,0.0000
2019-02-08,102.8700,107.2700,102.7700,105.6700,100.5278,130472196,0.0000
2019-02-01,106.2600,106.4800,102.1700,102.7800,97.7784,201611213,0.0000
2019-01-25,106.7500,107.8800,104.8600,107.1700,101.9548,112628578,0.0000
2019-01-18,101.9000,107.9000,101.2600,107.7100,102.4685,155699162,0.0000
2019-01-11,101.6400,104.8800,100.9800,102.8000,97.7975,157833149,0.0000
2019-01-04,101.2900,102.5100,97.2000,101.9300,96.9698,155142140,0.0000
2018-12-28,97.6800,102.4100,93.9600,100.3900,95.5048,183237806,0.0000
2018-12-21,105.4100,106.8800,97.4600,98.2300,93.4499,356050950,0.0000
2018-12-14,104.8000,111.2700,103.8900,106.0300,100.8703,197742990,0.0000
2018-12-07,113.0000,113.4200,104.3000,104.8200,99.7192,174082124,0.0000
2018-11-30,104.7900,111.3300,104.5800,110.8900,105.4938,170037931,0.0000
2018-11-23,108.2700,108.5600,99.3500,103.0700,98.0543,150780076,0.0000
2018-11-16,109.4200,109.9600,103.9100,108.2900,103.0203,180498817,0.4600
2018-11-09,106.3700,112.2400,105.9000,109.5700,103.7832,147847424,0.0000
2018-11-02,108.1100,108.7000,100.1100,106.1600,100.5533,242639657,0.0000
2018-10-26,109.3200,110.5400,101.5900,106.9600,101.3111,251383718,0.0000
2018-10-19,108.9100,111.8100,106.9500,108.6600,102.9213,155518177,0.0000
2018-10-12,111.6600,113.0800,104.2000,109.5700,103.7832,228861873,0.0000
2018-10-05,114.7500,116.1800,110.6400,112.1300,106.2080,120208912,0.0000
2018-09-28,113.0300,115.1000,112.2200,114.3700,108.3297,110093609,0.0000
2018-09-21,113.6900,115.2900,111.0400,114.2600,108.2255,159580089,0.0000
2018-09-14,108.8400,113.7300,108.3600,113.3700,107.3825,109098713,0.0000
2018-09-07,110.8500,111.9600,107.2300,108.2100,102.4951,101483263,0.0000
2018-08-31,109.2700,112.7800,108.5100,112.3300,106.3975,105653318,0.0000
2018-08-24,107.5100,108.5600,105.7800,108.4000,102.6750,94198444,0.0000
2018-08-17,109.2400,109.7500,106.6900,107.5800,101.8983,104691805,0.4200
2018-08-10,108.1200,110.1600,107.5600,109.0000,102.8421,83694598,0.0000
2018-08-03,107.1900,108.0900,104.7600,108.0400,101.9364,130716035,0.0000
2018-07-27,106.3000,111.1500,106.1300,107.6800,101.5967,155199034,0.0000
2018-07-20,105.4000,108.2000,103.8900,106.2700,100.2664,173393038,0.0000
2018-07-13,101.6500,105.6000,101.1000,105.4300,99.4738,106139197,0.0000
2018-07-06,98.1000,101.4300,98.0000,101.1600,95.4450,72446825,0.0000
2018-06-29,100.0000,100.1100,97.2600,98.6100,93.0391,148332848,0.0000
2018-06-22,100.0100,102.5200,99.4200,100.4100,94.7374,140541209,0.0000
2018-06-15,101.0100,102.0300,100.0700,100.1300,94.4732,162739393,0.0000
2018-06-08,101.2600,102.6900,100.3800,101.6300,95.8885,122316267,0.0000
2018-06-01,97.8400,100.8600,97.2300,100.7900,95.0959,113626024,0.0000
2018-05-25,97.0000,98.9800,96.3200,98.3600,92.8032,101128083,0.0000
2018-05-18,97.9200,98.6900,95.8300,96.3600,90.9162,96545432,0.4200
2018-05-11,95.1700,97.9500,95.0500,97.7000,91.7837,114220453,0.0000
2018-05-04,96.3300,96.4000,92.4500,95.1600,89.3975,154077356,0.0000
2018-04-27,95.7400,97.9000,90.2800,95.8200,90.0176,181387708,0.0000
2018-04-20,94.0700,97.0700,93.4200,95.0000,89.2472,122809288,0.0000
2018-04-13,91.0400,94.1800,90.6200,93.0800,87.4435,133450878,0.0000
2018-04-06,90.4700,93.0700,87.5100,90.2300,84.7661,189087091,0.0000
2018-03-29,90.6100,95.1400,88.4000,91.2700,85.7431,207104405,0.0000
2018-03-23,93.7400,94.0500,87.0800,87.1800,81.9008,157031195,0.0000
2018-03-16,96.5000,97.2400,92.8300,94.6000,88.8714,164964544,0.0000
2018-03-09,92.3400,96.5400,92.2600,96.5400,90.6940,133800312,0.0000
2018-03-02,94.4000,95.8400,90.8600,93.0500,87.4153,154581506,0.0000
2018-02-23,91.4800,94.0700,91.0100,94.0600,88.3641,104692721,0.0000
2018-02-16,88.7400,93.5000,87.8000,92.0000,86.4289,153611971,0.4200
2018-02-09,90.5600,93.2400,83.8300,88.1800,82.4588,253644732,0.0000
2018-02-02,95.1400,96.0700,91.5000,91.7800,85.8253,202570318,0.0000
2018-01-26,90.0000,94.0600,89.7400,94.0600,87.9573,127913923,0.0000
2018-01-19,90.1000,90.7900,88.0100,90.0000,84.1607,118433167,0.0000
2018-01-12,88.2000,89.7800,87.2400,89.6000,83.7867,98343817,0.0000
2018-01-05,86.1300,88.4100,85.5000,88.1900,82.4682,89838713,0.0000
2017-12-29,85.3100,86.0500,85.0300,85.5400,79.9901,50773814,0.0000
2017-12-22,87.1200,87.4999,84.7100,85.5100,79.9621,98890443,0.0000
2017-12-15,84.2900,87.0900,84.1200,86.8500,81.2151,136262249,0.0000
2017-12-08,84.4200,84.5800,80.7000,84.1600,78.6996,132514425,0.0000
2017-12-01,83.3100,85.0600,83.1800,84.2600,78.7932,128510609,0.0000
2017-11-24,82.4000,83.9000,82.2500,83.2600,77.8580,64949156,0.0000
2017-11-17,83.6600,84.1000,82.2400,82.4000,77.0538,94156894,0.4200
2017-11-10,84.2000,84.9000,82.9000,83.8700,78.0335,94050917,0.0000
2017-11-03,83.7000,84.5400,82.8800,84.1400,78.2847,121452467,0.0000
2017-10-27,78.9900,86.2000,78.0100,83.8100,77.9777,156867173,0.0000
2017-10-20,77.4200,78.9700,77.2500,78.8100,73.3256,78931157,0.0000
2017-10-13,75.9700,77.8700,75.8600,77.4900,72.0975,71908474,0.0000
2017-10-06,74.7100,76.1200,73.7100,76.0000,70.7112,74782566,0.0000
2017-09-29,74.0900,74.5350,72.9200,74.4900,69.3063,87056437,0.0000
2017-09-22,75.2300,75.9700,73.8500,74.4100,69.2318,91761244,0.0000
2017-09-15,74.3100,75.4900,74.0700,75.3100,70.0692,97705887,0.0000
2017-09-08,73.3400,74.6000,72.9800,73.9800,68.8317,69017636,0.0000
2017-09-01,73.0600,74.9600,72.0500,73.9400,68.7945,90545558,0.0000
2017-08-25,72.4700,73.3500,71.7000,72.8200,67.7525,73981293,0.0000
2017-08-18,73.0600,74.1000,71.9300,72.4900,67.4454,95411795,0.3900
2017-08-11,72.8000,73.1300,71.2800,72.5000,67.0973,104828725,0.0000
2017-08-04,73.3000,73.4400,71.4450,72.6800,67.2639,109134465,0.0000
2017-07-28,73.5300,74.4200,72.3200,73.0400,67.5971,111200086,0.0000
2017-07-21,72.8000,74.3000,72.6600,73.7900,68.2912,148878177,0.0000
2017-07-14,69.4600,73.2700,69.2000,72.7800,67.3565,95004977,0.0000
2017-07-07,69.3300,69.8400,68.0200,69.4600,64.2839,73013732,0.0000
2017-06-30,71.4000,71.7100,68.0900,68.9300,63.7934,120667642,0.0000
2017-06-23,70.5000,71.2500,69.7100,71.2100,65.9035,108512334,0.0000
2017-06-16,69.2500,71.1000,68.1300,70.0000,64.7836,170063923,0.0000
2017-06-09,71.9700,72.8900,68.5900,70.3200,65.0798,155224472,0.0000
2017-06-02,69.7900,71.8600,69.4510,71.7600,66.4125,102092670,0.0000
2017-05-26,67.8900,70.2200,67.5000,69.9600,64.7466,86602544,0.0000
2017-05-19,68.1400,69.4400,67.1400,67.6900,62.6458,145206491,0.3900
2017-05-12,68.9700,69.5600,68.0400,68.3800,62.9308,103664709,0.0000
2017-05-05,68.6800,69.7100,68.4850,69.0000,63.5014,123335404,0.0000
2017-04-28,67.4800,69.1400,67.1000,68.4600,63.0044,156408932,0.0000
2017-04-21,65.0400,66.7000,64.8900,66.4000,61.1086,113659769,0.0000
2017-04-13,65.6100,65.8600,64.8500,64.9500,59.7741,71749271,0.0000
2017-04-07,65.8100,66.3500,65.1900,65.6800,60.4459,87039641,0.0000
2017-03-31,64.6300,66.1900,64.3500,65.8600,60.6116,88476598,0.0000
2017-03-24,64.9100,65.5000,64.1200,64.9800,59.8017,103804886,0.0000
2017-03-17,65.0100,65.2400,64.1500,64.8700,59.7005,129108029,0.0000
2017-03-10,63.9700,65.2600,63.8100,64.9300,59.7557,98167226,0.0000
2017-03-03,64.5400,64.9900,63.6200,64.2500,59.1299,108727793,0.0000
2017-02-24,64.6100,64.9500,64.0500,64.6200,59.4704,82018448,0.0000
2017-02-17,64.2400,65.2400,64.0200,64.6200,59.4704,104828847,0.3900
2017-02-10,63.5000,64.4350,63.1400,64.0000,58.5462,98985116,0.0000
2017-02-03,65.6900,65.7900,62.7500,63.6800,58.2535,172722294,0.0000
2017-01-27,62.7000,65.9100,62.5700,65.7800,60.1745,160798071,0.0000
2017-01-20,62.6800,62.9800,62.0300,62.7400,57.3936,88999202,0.0000
2017-01-13,62.7600,63.4000,61.9500,62.7000,57.3570,100883602,0.0000
2017-01-06,62.7900,63.1500,62.0300,62.8400,57.4851,86832957,0.0000
2016-12-30,63.2100,64.0700,62.0300,62.1400,56.8447,62247011,0.0000
2016-12-23,62.5600,64.1000,62.4200,63.2400,57.8510,112043306,0.0000
2016-12-16,61.8200,63.4500,61.7200,62.3000,56.9911,156392554,0.0000
2016-12-09,59.7000,61.9900,59.5600,61.9700,56.6892,122838771,0.0000
2016-12-02,60.3400,61.4100,58.8000,59.2500,54.2010,137812561,0.0000
2016-11-25,60.5000,61.2600,60.1300,60.5300,55.3719,73117824,0.0000
2016-11-18,59.0200,61.1400,57.2800,60.3500,55.2072,164384062,0.3900
2016-11-11,59.7800,60.7800,57.6302,59.0200,53.6353,200822869,0.0000
2016-11-04,60.1600,60.4200,58.5200,58.7100,53.3535,123412131,0.0000
2016-10-28,59.9400,61.3699,59.5800,59.8700,54.4077,181170290,0.0000
2016-10-21,57.3600,60.4500,56.6600,59.6600,54.2169,195345767,0.0000
2016-10-14,57.9100,58.3900,56.3150,57.4200,52.1812,119587590,0.0000
2016-10-07,57.4050,57.9800,56.9700,57.8000,52.5266,92303431,0.0000
2016-09-30,57.0800,58.1679,56.6810,57.6000,52.3448,125664515,0.0000
2016-09-23,57.2700,58.0000,56.7500,57.4300,52.1903,111805897,0.0000
2016-09-16,56.0000,57.6300,55.6100,57.2500,52.0267,155377027,0.0000
2016-09-09,57.7800,57.8400,56.2100,56.2100,51.0816,89031792,0.0000
2016-09-02,58.1800,58.6000,57.0100,57.6700,52.4084,99183513,0.0000
2016-08-26,57.6000,58.7000,57.2600,58.0300,52.7356,91629582,0.0000
2016-08-19,58.0100,58.5000,57.2000,57.6200,52.3630,90149203,0.3600
2016-08-12,58.0550,58.5000,57.6200,57.9400,52.3258,91968595,0.0000
2016-08-05,56.6000,58.2100,56.1400,57.9600,52.3439,139123963,0.0000
2016-07-29,56.4700,57.2900,55.7200,56.6800,51.1879,154126188,0.0000
2016-07-22,53.7000,56.8400,52.9300,56.5700,51.0886,239597518,0.0000
2016-07-15,52.5000,54.0000,52.4700,53.7000,48.4967,131513504,0.0000
2016-07-08,50.8300,52.3600,50.3900,52.3000,47.2323,100950032,0.0000
2016-07-01,49.1000,51.7200,48.0350,51.1600,46.2028,169949551,0.0000
2016-06-24,50.6400,52.0600,49.5200,49.8300,45.0017,261054437,0.0000
2016-06-17,49.5800,50.7150,49.0600,50.1300,45.2726,236451710,0.0000
2016-06-10,51.9900,52.7300,51.0400,51.4800,46.4918,106398294,0.0000
2016-06-03,52.2600,53.0000,51.6000,51.7900,46.7718,109186979,0.0000
2016-05-27,50.6000,52.4900,49.9800,52.3200,47.2504,127137891,0.0000
2016-05-20,50.8000,51.9600,49.8200,50.6200,45.7151,120491190,0.3600
2016-05-13,50.4900,51.8950,50.0000,51.0800,45.8041,111576827,0.0000
2016-05-06,50.0000,50.7500,49.4600,50.3900,45.1854,134010358,0.0000
2016-04-29,51.7800,52.3500,49.3500,49.8700,44.7191,201675370,0.0000
2016-04-22,55.4900,56.7700,50.7700,51.7800,46.4318,255321678,0.0000
2016-04-15,54.4900,55.9200,53.7600,55.6500,49.9021,116847337,0.0000
2016-04-08,55.4300,55.6600,54.2100,54.4200,48.7991,100782062,0.0000
2016-04-01,54.2100,55.6400,53.3300,55.5700,49.8303,114717327,0.0000
2016-03-24,53.2500,54.3300,52.9300,54.2100,48.6108,87128846,0.0000
2016-03-18,52.7100,55.0000,52.6300,53.4900,47.9652,172729586,0.0000
2016-03-11,51.5600,53.0700,50.5800,53.0700,47.5885,170419402,0.0000
2016-03-04,51.3500,52.9700,50.6600,52.0300,46.6560,151430418,0.0000
2016-02-26,52.2800,53.0000,50.2000,51.3000,46.0014,149833414,0.0000
2016-02-19,50.9000,52.9500,50.1300,51.8200,46.4677,138815284,0.3600
2016-02-12,49.5500,50.6800,48.1900,50.5000,44.9671,227389820,0.0000
2016-02-05,54.8800,55.0900,49.5600,50.1600,44.6644,267078226,0.0000
2016-01-29,51.9400,55.0900,51.0201,55.0900,49.0543,246509206,0.0000
2016-01-22,51.4800,52.3300,49.1000,52.2900,46.5610,184584477,0.0000
2016-01-15,52.5100,54.0700,50.3400,50.9900,45.4035,264125481,0.0000
2016-01-08,54.3200,55.3900,52.0700,52.3300,46.5966,232695321,0.0000
2015-12-31,55.3500,56.8500,54.9800,55.4800,49.4015,99228262,0.0000
2015-12-24,54.8800,55.9600,54.2262,55.6700,49.5707,102418400,0.0000
2015-12-18,54.3300,56.7900,53.6800,54.1300,48.1994,250317860,0.0000
2015-12-11,55.7900,56.1000,54.0100,54.0600,48.1371,171286323,0.0000
2015-12-04,54.5400,56.2300,53.9300,55.9100,49.7844,226060572,0.0000
2015-11-27,54.2500,54.4600,53.5800,53.9300,48.0213,82850240,0.0000
2015-11-20,53.0800,54.6600,52.8500,54.1900,48.2529,158718818,0.3600
2015-11-13,54.5500,54.8700,52.5300,52.8400,46.7332,196522294,0.0000
2015-11-06,52.8500,54.9800,52.6200,54.9200,48.5728,168289451,0.0000
2015-10-30,52.5300,54.3700,52.5000,52.6400,46.5563,239455823,0.0000
2015-10-23,47.4200,54.0700,47.0200,52.8700,46.7597,277318659,0.0000
2015-10-16,46.9800,47.5400,46.5000,47.5100,42.0192,118094352,0.0000
2015-10-09,45.7450,47.5400,45.7000,47.1100,41.6654,151964927,0.0000
2015-10-02,43.8300,45.5700,43.0500,45.5700,40.3034,163532824,0.0000
2015-09-25,43.6200,44.7300,43.2700,43.9400,38.8617,128698573,0.0000
2015-09-18,43.4300,45.0000,42.8600,43.4800,38.4549,171822261,0.0000
2015-09-11,43.3000,44.4000,42.7450,43.4800,38.4549,124438408,0.0000
2015-09-04,43.7400,43.9800,41.6600,42.6100,37.6855,187226056,0.0000
2015-08-28,40.4500,44.1500,39.7200,43.9300,38.8529,301968189,0.0000
2015-08-21,46.8100,47.4500,43.0700,43.0700,38.0923,182450672,0.3100
2015-08-14,46.9500,47.4900,45.7050,47.0000,41.2973,126616447,0.0000
2015-08-07,46.9800,48.4100,46.2600,46.7400,41.0688,130800424,0.0000
2015-07-31,45.9400,47.4000,44.7900,46.7000,41.0337,185955595,0.0000
2015-07-24,46.6500,47.3300,45.1000,45.9400,40.3659,198833485,0.0000
2015-07-17,44.9750,46.7800,44.9501,46.6200,40.9634,133426984,0.0000
2015-07-10,43.9600,45.2200,43.3200,44.6100,39.1973,157146118,0.0000
2015-07-02,45.0400,45.2300,43.9400,44.4000,39.0127,120123050,0.0000
2015-06-26,46.3300,46.7200,45.0300,45.2600,39.7684,151556711,0.0000
2015-06-19,45.4500,46.8250,45.0201,46.1000,40.5065,185524263,0.0000
2015-06-12,46.3000,46.9200,45.4600,45.9700,40.3922,126223826,0.0000
2015-06-05,47.0600,47.7700,45.8400,46.1400,40.5416,131521410,0.0000
2015-05-29,46.8300,48.0200,46.1900,46.8600,41.1743,112720759,0.0000
2015-05-22,47.9800,48.2200,46.8200,46.9000,41.2094,125890515,0.3100
2015-05-15,47.5500,48.9050,46.4200,48.2950,42.1604,150345879,0.0000
2015-05-08,48.3700,48.8700,46.0200,47.7500,41.6847,205178261,0.0000
2015-05-01,47.2300,49.5400,47.2200,48.6550,42.4747,271446305,0.0000
2015-04-24,41.7300,48.1400,41.6800,47.8700,41.7894,274379045,0.0000
2015-04-17,41.4000,42.4600,41.1600,41.6150,36.3290,146761915,0.0000
2015-04-10,40.3400,41.9500,40.1800,41.7200,36.4206,146532368,0.0000
2015-04-02,41.1000,41.5400,40.1200,40.2900,35.1723,144289679,0.0000
2015-03-27,42.8800,43.1700,40.8300,40.9700,35.7659,167126270,0.0000
2015-03-20,41.4700,42.9800,41.1500,42.8800,37.4333,216925266,0.0000
2015-03-13,42.1900,43.1250,40.6100,41.3800,36.1238,221483208,0.0000
2015-03-06,43.6700,44.1900,42.1500,42.3600,36.9793,148863715,0.0000
2015-02-27,43.7000,44.3000,43.6500,43.8500,38.2801,150315390,0.0000
2015-02-20,43.9700,44.0000,43.0500,43.8550,38.2844,118131959,0.3100
2015-02-13,42.2400,43.8700,42.1800,43.8700,38.0270,172847964,0.0000
2015-02-06,40.5900,42.7900,40.2300,42.4100,36.7615,215214514,0.0000
2015-01-30,47.0000,47.1339,40.3500,40.4000,35.0192,437786778,0.0000
2015-01-23,46.3000,47.3900,45.4800,47.1800,40.8962,137352632,0.0000
2015-01-16,47.4200,47.9100,45.1700,46.2400,40.0814,157088136,0.0000
2015-01-09,46.3700,47.8200,45.4900,47.1900,40.9048,158596624,0.0000
2015-01-02,47.7000,47.7800,46.4500,46.7600,40.5321,80290512,0.0000
2014-12-26,47.7800,48.8000,47.7100,47.8800,41.5029,74863120,0.0000
2014-12-19,47.2000,48.1000,44.9000,47.6600,41.3122,216676750,0.0000
2014-12-12,48.2600,48.3500,46.6700,46.9500,40.6968,144735690,0.0000
2014-12-05,47.8800,49.0600,47.7100,48.4200,41.9710,138158386,0.0000
2014-11-28,47.9900,48.1950,47.2800,47.8100,41.4423,112141541,0.0000
2014-11-21,49.4100,49.7050,47.5700,47.9800,41.5896,144887937,0.3100
2014-11-14,48.6500,50.0450,48.5200,49.5800,42.7049,137829519,0.0000
2014-11-07,46.8900,48.9200,46.7300,48.6800,41.9297,128149243,0.0000
2014-10-31,45.7100,46.9700,45.7100,46.9500,40.4396,155628209,0.0000
2014-10-24,43.0600,46.9000,42.8100,46.1300,39.7333,211077436,0.0000
2014-10-17,43.8200,44.5600,42.1000,43.6300,37.5800,225166061,0.0000
2014-10-10,46.1200,46.8900,43.9500,44.0300,37.9245,165764217,0.0000
2014-10-03,45.9800,46.5600,45.6100,46.0900,39.6988,154785202,0.0000
2014-09-26,47.3000,47.3800,45.7600,46.4100,39.9745,158422366,0.0000
2014-09-19,46.5400,47.5700,46.1000,47.5200,40.9306,341800600,0.0000
2014-09-12,46.0200,47.0200,45.9900,46.6950,40.2200,180738000,0.0000
2014-09-05,45.4300,45.9300,44.5300,45.9100,39.5438,119999500,0.0000
2014-08-29,45.4000,45.4400,44.6100,45.4300,39.1304,91859400,0.0000
2014-08-22,44.9400,45.4700,44.6800,45.1500,38.8892,120367600,0.2800
2014-08-15,43.2600,44.8950,43.0000,44.7900,38.3423,125596700,0.0000
2014-08-08,42.9700,43.4700,42.2100,43.2000,36.9812,144435400,0.0000
2014-08-01,44.3600,44.5100,42.6000,42.8600,36.6901,152076500,0.0000
2014-07-25,44.5600,45.4500,44.2200,44.5000,38.0940,190526100,0.0000
2014-07-18,42.2200,45.7100,42.0300,44.6900,38.2567,239535600,0.0000
2014-07-11,41.7500,42.1200,41.0500,42.0900,36.0310,117554200,0.0000
2014-07-03,42.1700,42.2100,41.5300,41.8000,35.7827,93899900,0.0000
2014-06-27,41.7300,42.2900,41.4300,42.2500,36.1679,163546500,0.0000
2014-06-20,41.0400,41.9100,40.3350,41.6800,35.6800,141414000,0.0000
2014-06-13,41.3900,41.5650,40.2900,41.2300,35.2948,104305800,0.0000
2014-06-06,40.9500,41.6600,39.8600,41.4800,35.5088,115707900,0.0000
2014-05-30,40.2600,40.9700,39.8100,40.9400,35.0465,106327900,0.0000
2014-05-23,39.6100,40.3700,39.4600,40.1200,34.3445,106478800,0.0000
2014-05-16,39.7400,40.5000,39.2700,39.8300,34.0963,136266400,0.2800
2014-05-09,39.5200,39.9000,38.5100,39.5400,33.6152,153085800,0.0000
2014-05-02,40.1400,41.2900,39.6600,39.6900,33.7427,187909100,0.0000
2014-04-25,40.1300,40.6800,39.3000,39.9100,33.9297,173139100,0.0000
2014-04-17,39.1100,40.4150,38.9000,40.0100,34.0148,133280500,0.0000
2014-04-11,39.9600,40.6900,39.0000,39.2090,33.3338,181167900,0.0000
2014-04-04,40.4300,41.6600,39.6400,39.8700,33.8957,189707200,0.0000
2014-03-28,40.3400,40.9900,39.3400,40.3000,34.2613,210110900,0.0000
2014-03-21,37.9000,40.9400,37.7900,40.1600,34.1423,260132300,0.0000
2014-03-14,37.9900,38.4500,37.5058,37.7000,32.0509,134082400,0.0000
2014-03-07,37.9200,38.4800,37.4950,37.9000,32.2209,127213800,0.0000
2014-02-28,37.6900,38.4600,37.1900,38.3100,32.5695,178981800,0.0000
2014-02-21,37.6300,38.3500,37.2100,37.9800,32.2889,128131800,0.2800
2014-02-14,36.6300,37.8600,36.2900,37.6200,31.7453,155003200,0.0000
2014-02-07,37.7400,37.9850,35.6900,36.5600,30.8509,243187700,0.0000
2014-01-31,36.8700,37.8900,35.7500,37.8400,31.9310,261570800,0.0000
2014-01-24,36.8200,37.5500,35.5200,36.8050,31.0576,173821100,0.0000
2014-01-17,35.9900,37.0000,34.6300,36.3800,30.6990,216624000,0.0000
2014-01-10,36.8500,36.8900,35.4000,36.0400,30.4121,216443300,0.0000
2014-01-03,37.2200,37.5800,36.6000,36.9100,31.1462,95561000,0.0000
2013-12-27,36.8100,37.6200,36.5500,37.2900,31.4669,71547500,0.0000
2013-12-20,36.7300,37.1100,35.5300,36.8000,31.0534,237423200,0.0000
2013-12-13,38.5600,38.9000,36.6200,36.6900,30.9606,184046900,0.0000
2013-12-06,38.0900,38.9800,37.1800,38.3600,32.3698,299806100,0.0000
2013-11-29,37.9300,38.2900,37.3500,38.1300,32.1757,113204600,0.0000
2013-11-22,37.3500,37.6800,36.6700,37.5700,31.7031,180829100,0.2800
2013-11-15,37.6900,38.1600,36.9000,37.8410,31.6903,200266700,0.0000
2013-11-08,35.5900,38.2200,35.5500,37.7800,31.6392,265866600,0.0000
2013-11-01,35.6100,35.7900,35.2600,35.5250,29.7508,189030400,0.0000
2013-10-25,34.9800,36.2900,33.5700,35.7300,29.9224,293176200,0.0000
2013-10-18,33.9000,34.9900,33.7800,34.9600,29.2776,183138200,0.0000
2013-10-11,33.6000,34.1400,32.8000,34.1300,28.5825,184873900,0.0000
2013-10-04,33.0000,34.0300,32.7000,33.8800,28.3731,195216900,0.0000
2013-09-27,32.5401,33.7500,32.1500,33.2700,27.8623,193270600,0.0000
2013-09-20,33.3800,33.6800,32.6850,32.7910,27.4611,346587600,0.0000
2013-09-13,31.2208,33.0700,31.2000,33.0300,27.6613,219356400,0.0000
2013-09-06,31.7500,32.0700,30.9500,31.1520,26.0885,443907400,0.0000
2013-08-30,34.4000,34.6700,32.8000,33.4000,27.9712,263641400,0.0000
2013-08-23,31.7600,35.2000,31.3700,34.7500,29.1017,344954900,0.0000
2013-08-16,32.4600,33.3600,30.8400,31.8000,26.6312,179681700,0.2300
2013-08-09,31.9000,33.0700,31.2500,32.7000,27.1909,191229200,0.0000
2013-08-02,31.4700,32.1200,31.4000,31.8900,26.5174,190326400,0.0000
2013-07-26,31.7000,32.1900,31.2050,31.6200,26.2928,299500800,0.0000
2013-07-19,35.6600,36.4299,31.0200,31.4000,26.1099,405781800,0.0000
2013-07-12,34.3500,35.7700,33.9800,35.6700,29.6605,176513700,0.0000
2013-07-05,34.7500,34.9900,33.5810,34.2100,28.4465,110765700,0.0000
2013-06-28,32.9400,34.7900,32.5700,34.5450,28.7251,243386900,0.0000
2013-06-21,34.6900,35.1700,33.0500,33.2650,27.6607,248935000,0.0000
2013-06-14,35.5100,35.6500,34.2500,34.4000,28.6045,211650600,0.0000
2013-06-07,34.9200,35.7800,34.4300,35.6700,29.6605,241183000,0.0000
2013-05-31,34.4200,35.2800,34.4100,34.9000,29.0202,193921000,0.0000
2013-05-24,34.7300,35.2725,33.9000,34.2690,28.4956,253047800,0.0000
2013-05-17,32.6100,34.8700,32.5500,34.8700,28.9953,259251200,0.2300
2013-05-10,33.4200,33.9100,32.3200,32.6900,26.9974,218465000,0.0000
2013-05-03,31.8000,33.5200,31.7700,33.4900,27.6581,281456600,0.0000
2013-04-26,30.2900,32.8400,30.2800,31.7900,26.2541,303603028,0.0000
2013-04-19,28.6500,30.2400,28.5000,29.7650,24.5817,318668200,0.0000
2013-04-12,28.7300,30.3200,28.4700,28.7900,23.7765,377419500,0.0000
2013-04-05,28.6400,28.9500,28.1100,28.7000,23.7022,188910900,0.0000
2013-03-28,28.3000,28.6600,27.9600,28.6050,23.6237,163479500,0.0000
2013-03-22,27.8800,28.4900,27.8100,28.2500,23.3306,195112900,0.0000
2013-03-15,27.9400,28.1600,27.6400,28.0350,23.1530,253601200,0.0000
2013-03-08,27.8500,28.5400,27.7000,28.0000,23.1241,197902700,0.0000
2013-03-01,27.9700,28.0500,27.3300,27.9500,23.0828,205019700,0.0000
2013-02-22,27.8801,28.2000,27.2300,27.7600,22.9259,163396000,0.2300
2013-02-15,27.6500,28.1600,27.5000,28.0100,22.9442,192268300,0.0000
2013-02-08,27.8700,28.0200,27.1000,27.5500,22.5674,199186800,0.0000
2013-02-01,28.0100,28.2250,27.4000,27.9300,22.8787,254975500,0.0000
2013-01-25,27.3000,28.2300,27.0000,27.8800,22.8377,292625300,0.0000
2013-01-18,26.9000,27.4700,26.7600,27.2500,22.3216,241499900,0.0000
2013-01-11,26.7700,26.9800,26.2800,26.8300,21.9776,257804800,0.0000
2013-01-04,26.5900,27.7300,26.3700,26.7400,21.9039,196464300,0.0000
2012-12-28,27.2000,27.2500,26.5500,26.5500,21.7482,120107400,0.0000
2012-12-21,26.7900,27.7300,26.6800,27.4500,22.4855,297436700,0.0000
2012-12-14,26.5600,27.6200,26.5200,26.8100,21.9612,230437800,0.0000
2012-12-07,26.7800,26.9800,26.2600,26.4550,21.6704,256579500,0.0000
2012-11-30,27.5400,27.5800,26.4900,26.6150,21.8015,336477300,0.0000
2012-11-23,26.8000,27.7700,26.4600,27.7000,22.6903,228455700,0.0000
2012-11-16,28.9400,29.0100,26.3449,26.5209,21.7244,383926500,0.2300
2012-11-09,29.6200,30.2000,28.8000,28.8300,23.4171,232477100,0.0000
2012-11-02,28.5500,29.7700,28.5000,29.4998,23.9611,198643600,0.0000
2012-10-26,28.7300,28.8300,27.7600,28.2100,22.9135,312983500,0.0000
2012-10-19,29.3700,29.7400,28.5000,28.6400,23.2627,284095000,0.0000
2012-10-12,29.6400,29.9200,28.8000,29.2000,23.7176,210053400,0.0000
2012-10-05,29.8100,30.2500,29.4200,29.8500,24.2456,228806300,0.0000
2012-09-28,31.0000,31.0700,29.7400,29.7600,24.1725,257123500,0.0000
2012-09-21,31.1900,31.6100,30.9100,31.1900,25.3340,267795000,0.0000
2012-09-14,30.8300,31.2500,30.4000,31.2100,25.3502,194961700,0.0000
2012-09-07,30.4500,31.3600,30.1500,30.9500,25.1390,173227500,0.0000
2012-08-31,30.9300,30.9600,30.2200,30.8200,25.0334,142558000,0.0000
2012-08-24,30.8200,30.9600,30.0800,30.5600,24.8223,137296700,0.0000
2012-08-17,30.3500,30.9400,30.0100,30.9000,25.0984,150328600,0.2000
2012-08-10,30.0000,30.6500,29.8100,30.4200,24.5456,134463400,0.0000
2012-08-03,29.7500,29.9400,28.9700,29.7500,24.0050,173627600,0.0000
2012-07-27,29.5700,29.8500,28.7800,29.7550,24.0090,237998700,0.0000
2012-07-20,29.4800,31.0500,29.0400,30.1150,24.2995,213447200,0.0000
2012-07-13,30.1200,30.2300,28.5400,29.3900,23.7145,210008400,0.0000
2012-07-06,30.6200,30.7800,29.9500,30.1850,24.3560,118623900,0.0000
2012-06-29,30.3001,30.6900,29.4200,30.5900,24.6828,214975800,0.0000
2012-06-22,29.9900,31.1400,29.7100,30.7000,24.7715,264217500,0.0000
2012-06-15,29.7300,30.0800,28.8200,30.0200,24.2229,216457700,0.0000
2012-06-08,28.6200,29.7000,28.3200,29.6500,23.9243,220846100,0.0000
2012-06-01,29.3800,29.7200,28.4400,28.4500,22.9560,175112600,0.0000
2012-05-25,29.1000,29.8800,28.6400,29.0600,23.4482,225546000,0.0000
2012-05-18,30.8200,31.0400,29.1700,29.2700,23.6177,267124700,0.2000
2012-05-11,30.7000,31.5400,30.1000,31.1600,24.9773,232577500,0.0000
2012-05-04,31.9800,32.3350,30.9200,30.9800,24.8331,206343300,0.0000
2012-04-27,32.3100,32.5200,31.8300,31.9800,25.6346,246492000,0.0000
2012-04-20,30.9900,32.8900,30.7700,32.4200,25.9873,273865400,0.0000
2012-04-13,31.2200,31.4000,30.2300,30.8100,24.6968,206254900,0.0000
2012-04-05,32.2200,32.4600,31.0500,31.5200,25.2659,178430200,0.0000
2012-03-30,32.1900,32.7000,31.8100,32.2550,25.8551,183165900,0.0000
2012-03-23,32.5350,32.6100,31.7200,32.0100,25.6587,191946300,0.0000
2012-03-16,31.9700,32.9500,31.8200,32.6000,26.1316,239706900,0.0000
2012-03-09,32.0100,32.2100,31.4900,31.9900,25.6427,202889100,0.0000
2012-03-02,31.2400,32.4400,31.1000,32.0750,25.7108,263780900,0.0000
2012-02-24,31.1800,31.6800,31.0000,31.4800,25.2339,170693200,0.0000
2012-02-17,30.6300,31.5500,29.8500,31.2500,25.0495,301016700,0.2000
2012-02-10,30.0400,30.8000,29.9700,30.4950,24.2837,212028100,0.0000
2012-02-03,28.9700,30.4000,28.8300,30.2400,24.0807,263158900,0.0000
2012-01-27,29.5500,29.9500,29.0700,29.2300,23.2764,280303600,0.0000
2012-01-20,28.4000,29.7400,27.9700,29.7100,23.6586,377212300,0.0000
2012-01-13,28.0500,28.2500,27.3700,28.2500,22.4960,294870500,0.0000
2012-01-06,26.5500,28.1900,26.3900,28.1050,22.3805,300784500,0.0000
2011-12-30,25.9600,26.1500,25.7600,25.9600,20.6724,101122300,0.0000
2011-12-23,26.0200,26.1900,25.4400,26.0300,20.7282,236158300,0.0000
2011-12-16,25.4100,26.1700,25.2900,26.0000,20.7043,289075400,0.0000
2011-12-09,25.7800,25.8700,25.3350,25.7000,20.4654,279971400,0.0000
2011-12-02,24.9400,25.6300,24.6900,25.2200,20.0832,269873900,0.0000
2011-11-25,25.2400,25.2500,24.3000,24.3000,19.3505,186351300,0.0000
2011-11-18,26.8799,27.0000,25.1500,25.3000,20.1469,249939900,0.2000
2011-11-11,26.2100,27.2000,26.0600,26.9100,21.2699,223780500,0.0000
2011-11-04,26.7550,27.0000,25.7000,26.2500,20.7482,263900000,0.0000
2011-10-28,27.0600,27.4000,26.1000,26.9800,21.3252,305706800,0.0000
2011-10-21,27.1139,27.4700,26.4000,27.1600,21.4675,287742000,0.0000
2011-10-14,26.5800,27.5000,26.4700,27.2700,21.5544,227902500,0.0000
2011-10-07,24.7200,26.5100,24.2600,26.2500,20.7482,349992200,0.0000
2011-09-30,25.1900,26.3700,24.7300,24.8900,19.6732,284882300,0.0000
2011-09-23,26.8000,27.5000,24.6000,25.0600,19.8076,335333900,0.0000
2011-09-16,25.6050,27.2700,25.2700,27.1200,21.4358,328067400,0.0000
2011-09-09,25.2000,26.6600,25.1100,25.7400,20.3451,227231400,0.0000
2011-09-02,25.5300,26.8600,25.3700,25.8000,20.3925,259910600,0.0000
2011-08-26,24.4200,25.3400,23.7900,25.2500,19.9578,279870300,0.0000
2011-08-19,25.2400,25.7000,23.9100,24.0500,19.0093,344816700,0.1600
2011-08-12,25.0200,25.6200,24.0300,25.1000,19.7148,543823200,0.0000
2011-08-05,27.5100,27.6850,25.2300,25.6800,20.1703,395323900,0.0000
2011-07-29,27.2600,28.1450,27.1900,27.4000,21.5213,442763800,0.0000
2011-07-22,26.6300,27.6400,26.2600,27.5300,21.6234,339145900,0.0000
2011-07-15,26.6200,27.0100,26.3400,26.7800,21.0343,227695600,0.0000
2011-07-08,26.1000,26.9800,25.9000,26.9200,21.1443,196816700,0.0000
2011-07-01,24.2300,26.1700,24.2300,26.0200,20.4374,344568900,0.0000
2011-06-24,24.1700,24.8600,24.1600,24.3000,19.0864,309192000,0.0000
2011-06-17,23.7900,24.4500,23.6500,24.2600,19.0550,280381700,0.0000
2011-06-10,24.0500,24.2500,23.6900,23.7050,18.6191,230302200,0.0000
2011-06-03,24.9600,25.1000,23.8400,23.9050,18.7762,246415300,0.0000
2011-05-27,24.2100,25.0300,24.0300,24.7600,19.4477,263556100,0.0000
2011-05-20,24.9600,25.0700,24.2500,24.4900,19.2357,311399200,0.1600
2011-05-13,25.8000,25.9600,24.9500,25.0300,19.5323,382307400,0.0000
2011-05-06,25.9400,26.2500,25.4800,25.8700,20.1878,346603800,0.0000
2011-04-29,25.5600,26.8700,25.3400,25.9200,20.2269,554932000,0.0000
2011-04-21,25.1000,26.0000,24.7200,25.5200,19.9147,205438400,0.0000
2011-04-15,26.1900,26.2500,25.0900,25.3700,19.7977,229671700,0.0000
2011-04-08,25.4500,26.3100,25.4100,26.0700,20.3439,260688500,0.0000
2011-04-01,25.6600,25.7200,25.3000,25.4800,19.8835,258083900,0.0000
2011-03-25,25.1800,25.9500,25.1500,25.6200,19.9928,217469200,0.0000
2011-03-18,25.4900,25.7600,24.6800,24.8000,19.3529,379249800,0.0000
2011-03-11,26.1300,26.2700,25.3500,25.6800,20.0396,271774600,0.0000
2011-03-04,26.6900,26.8600,25.8000,25.9525,20.2522,298801800,0.0000
2011-02-25,26.7800,27.1000,26.4300,26.5500,20.7185,238623600,0.0000
2011-02-18,27.2050,27.3700,26.6000,27.0600,21.1165,297575700,0.1600
2011-02-11,27.8000,28.3400,27.0700,27.2500,21.1393,317402300,0.0000
2011-02-04,27.7700,28.1100,27.4200,27.7700,21.5427,274416000,0.0000
2011-01-28,28.0200,29.4600,27.4500,27.7510,21.5279,457301200,0.0000
2011-01-21,28.1600,28.7400,28.0200,28.0200,21.7366,220022500,0.0000
2011-01-14,28.2600,28.5900,27.9100,28.3000,21.9538,290269600,0.0000
2011-01-07,28.0500,28.8500,27.7700,28.6000,22.1866,328636400,0.0000
2010-12-31,28.1200,28.2000,27.6300,27.9100,21.6513,109735600,0.0000
2010-12-23,27.9500,28.4000,27.6800,28.3000,21.9538,158118800,0.0000
2010-12-17,27.2700,28.0900,27.1725,27.9025,21.6455,326785300,0.0000
2010-12-10,26.9300,27.4000,26.7600,27.3400,21.2091,220565600,0.0000
2010-12-03,25.1900,27.0600,24.9300,27.0200,20.9609,350390400,0.0000
2010-11-26,25.6500,25.7400,25.0900,25.2500,19.5878,201275400,0.0000
2010-11-19,26.3300,26.5000,25.5500,25.6900,19.9291,287370700,0.1600
2010-11-12,26.6800,27.1100,26.1000,26.2700,20.2535,309522000,0.0000
2010-11-05,26.8800,27.4900,26.5300,26.8500,20.7007,431122500,0.0000
2010-10-29,25.2400,27.2000,25.0600,26.6650,20.5580,379945600,0.0000
2010-10-22,25.5900,25.9500,24.9500,25.3775,19.5654,246635300,0.0000
2010-10-15,24.7400,25.5500,24.4300,25.5400,19.6907,273969700,0.0000
2010-10-08,23.9600,24.7500,23.7800,24.5700,18.9428,318209900,0.0000
2010-10-01,24.8400,24.9900,24.3000,24.3800,18.7964,267898400,0.0000
2010-09-24,25.2800,25.5200,24.3600,24.7750,19.1009,294964400,0.0000
2010-09-17,24.2000,25.5300,24.0900,25.2200,19.4440,372932600,0.0000
2010-09-10,24.1000,24.3000,23.7400,23.8500,18.3877,221754300,0.0000
2010-09-03,23.7400,24.4500,23.3200,24.2900,18.7270,289789800,0.0000
2010-08-27,24.4400,24.6403,23.5100,23.9300,18.4494,275615000,0.0000
2010-08-20,24.3600,24.9600,24.2000,24.2300,18.6807,244265900,0.1300
2010-08-13,25.5500,25.7300,24.2400,24.4000,18.7133,336605100,0.0000
2010-08-06,25.9900,26.3800,25.0200,25.5500,19.5953,311358400,0.0000
2010-07-30,25.8600,26.4100,25.3500,25.8100,19.7947,350607800,0.0000
2010-07-23,24.9600,26.0200,24.7000,25.8100,19.7947,338546300,0.0000
2010-07-16,24.4300,25.6400,24.4200,24.8900,19.0891,306590500,0.0000
2010-07-09,23.7000,24.6200,23.5840,24.2700,18.6136,258121500,0.0000
2010-07-02,24.5100,24.6100,22.7300,23.2700,17.8467,429441900,0.0000
2010-06-25,26.7800,26.8900,24.3100,24.5325,18.8149,413577000,0.0000
2010-06-18,25.8600,26.6700,25.4700,26.4400,20.2779,281383000,0.0000
2010-06-11,25.8200,25.8300,24.6500,25.6600,19.6797,402593800,0.0000
2010-06-04,25.5300,26.9300,25.5200,25.7900,19.7794,299540400,0.0000
2010-05-28,26.8500,26.8600,24.5600,25.8000,19.7870,552699900,0.0000
2010-05-21,29.1200,29.2300,26.4400,26.8400,20.5847,366078000,0.1300
2010-05-14,29.0100,29.7300,28.5700,28.9300,22.0872,306112300,0.0000
2010-05-07,30.6700,31.0606,27.3200,28.2100,21.5375,495240000,0.0000
2010-04-30,31.0000,31.4333,30.5200,30.5350,23.3125,312818100,0.0000
2010-04-23,30.7700,31.5800,30.6500,30.9600,23.6370,384127100,0.0000
2010-04-16,30.2500,31.0000,30.1300,30.6700,23.4156,288833100,0.0000
2010-04-09,29.1300,30.4100,28.9800,30.3400,23.1636,258483100,0.0000
2010-04-01,29.7100,29.8600,28.6200,29.1600,22.2627,206818900,0.0000
2010-03-26,29.5000,30.5700,29.3900,29.6600,22.6445,242496700,0.0000
2010-03-19,29.1800,29.9000,29.0100,29.5900,22.5910,249798500,0.0000
2010-03-12,28.5200,29.3800,28.5000,29.2700,22.3467,201627400,0.0000
2010-03-05,28.7700,29.3000,28.2400,28.5875,21.8257,284263800,0.0000
2010-02-26,28.8400,28.9400,28.0200,28.6700,21.8886,221245100,0.0000
2010-02-19,28.1300,29.0300,28.0200,28.7700,21.9650,185126800,0.1300
2010-02-12,28.0100,28.4000,27.5700,27.9300,21.2263,307718600,0.0000
2010-02-05,28.3900,28.7900,27.5700,28.0200,21.2947,360552800,0.0000
2010-01-29,29.2400,29.9200,27.6600,28.1800,21.4163,505364600,0.0000
2010-01-22,30.7500,31.2400,28.8400,28.9600,22.0091,276516500,0.0000
2010-01-15,30.7100,31.2400,29.9100,30.8600,23.4531,329671600,0.0000
2010-01-08,30.6200,31.1000,30.1900,30.6600,23.3011,248098200,0.0000
2009-12-31,31.0000,31.5000,30.4800,30.4800,23.1643,129036100,0.0000
2009-12-24,30.4000,31.0000,30.3700,31.0000,23.5595,115896700,0.0000
2009-12-18,29.9100,30.4500,29.5700,30.3600,23.0731,277671400,0.0000
2009-12-11,29.7800,30.0800,29.2500,29.8500,22.6855,209882600,0.0000
2009-12-04,29.1500,30.3700,29.0000,29.9800,22.7843,232290700,0.0000
2009-11-27,29.8400,30.0100,28.7500,29.2200,22.2067,140565500,0.0000
2009-11-20,29.6100,30.1400,29.3700,29.6200,22.5107,283824400,0.1300
2009-11-13,28.6200,29.7900,28.5300,29.6300,22.4212,281482500,0.0000
2009-11-06,27.7000,28.7400,27.4100,28.5200,21.5812,268212300,0.0000
2009-10-30,28.1250,29.0200,27.6600,27.7300,20.9834,405975200,0.0000
2009-10-23,26.4900,29.3500,25.9400,28.0200,21.2029,507781600,0.0000
2009-10-16,25.6600,26.7100,25.5200,26.5000,20.0527,234381300,0.0000
2009-10-09,24.9800,25.9000,24.5200,25.5500,19.3338,248114200,0.0000
2009-10-02,25.6000,26.1600,24.4300,24.9600,18.8874,274119500,0.0000
2009-09-25,25.1100,26.2500,25.1000,25.5500,19.3338,257317100,0.0000
2009-09-18,24.6500,25.4800,24.6400,25.2600,19.1144,248024500,0.0000
2009-09-11,24.6200,25.1700,24.4100,24.8600,18.8117,204196900,0.0000
2009-09-04,24.5700,24.8500,23.7600,24.6200,18.6301,232092300,0.0000
2009-08-28,24.4100,25.4900,24.2800,24.6800,18.6755,240543800,0.0000
2009-08-21,23.3200,24.4200,23.2300,24.4100,18.4712,231691900,0.1300
2009-08-14,23.4600,23.9000,23.0300,23.6920,17.8296,216134700,0.0000
2009-08-07,23.8200,24.2500,23.2700,23.5600,17.7302,255287200,0.0000
2009-07-31,23.4400,24.4300,22.9000,23.5200,17.7001,346943500,0.0000
2009-07-24,24.4400,25.7200,22.8100,23.4500,17.6474,487215100,0.0000
2009-07-17,22.4200,24.4500,22.1400,24.2900,18.2796,297686600,0.0000
2009-07-10,23.2100,23.2800,22.0000,22.3900,16.8497,265284000,0.0000
2009-07-02,23.6000,24.3000,23.2100,23.3700,17.5872,249637900,0.0000
2009-06-26,23.9500,23.9500,23.2000,23.3500,17.5722,305182700,0.0000
2009-06-19,23.2300,24.3400,23.0200,24.0700,18.1140,435179500,0.0000
2009-06-12,21.9800,23.3800,21.6300,23.3300,17.5571,277273600,0.0000
2009-06-05,21.0000,22.3100,20.8600,22.1400,16.6616,264201600,0.0000
2009-05-29,19.5400,20.9400,19.4500,20.8900,15.7209,179500300,0.0000
2009-05-22,20.3600,20.7400,19.4700,19.7500,14.8630,240444300,0.1300
2009-05-15,19.2000,20.5000,19.0100,20.2200,15.1199,300840500,0.0000
2009-05-08,20.3700,20.4000,19.1400,19.4200,14.5217,317112800,0.0000
2009-05-01,20.5500,21.1000,19.7900,20.2400,15.1349,374870800,0.0000
2009-04-24,18.8900,21.2000,18.4700,20.9100,15.6359,437861300,0.0000
2009-04-17,19.6900,19.8500,18.5100,19.2000,14.3572,310053700,0.0000
2009-04-09,18.5400,19.7000,18.2650,19.6700,14.7086,225459800,0.0000
2009-04-03,17.7400,19.8900,17.2700,18.7500,14.0207,419435900,0.0000
2009-03-27,17.3700,18.8800,17.3100,18.1300,13.5571,307016700,0.0000
2009-03-20,16.7800,17.6500,16.2400,17.0600,12.7569,340940700,0.0000
2009-03-13,15.2000,17.2000,15.1000,16.6500,12.4504,422845400,0.0000
2009-03-06,16.0350,16.4000,14.8700,15.2800,11.4259,412893700,0.0000
2009-02-27,18.0200,18.1500,16.1000,16.1500,12.0765,476020000,0.0000
2009-02-20,18.4900,18.5000,17.6600,18.0000,13.4599,249409600,0.1300
2009-02-13,19.6900,19.8000,18.5400,19.0900,14.1731,317487800,0.0000
2009-02-06,17.0100,19.9300,17.0000,19.6600,14.5963,413296000,0.0000
2009-01-30,17.2900,18.3100,17.1000,17.1000,12.6956,329880700,0.0000
2009-01-23,19.4600,19.6200,16.7500,17.2000,12.7699,497671100,0.0000
2009-01-16,19.7100,19.9900,18.5200,19.7100,14.6334,374068400,0.0000
2009-01-09,20.2000,21.0000,19.4100,19.5200,14.4923,312339200,0.0000
2009-01-02,19.1500,20.4000,18.6400,20.3300,15.0937,198239900,0.0000
2008-12-26,19.2400,19.5700,18.8900,19.1300,14.2028,146068200,0.0000
2008-12-19,19.3400,20.1800,18.8900,19.1200,14.1953,430826900,0.0000
2008-12-12,20.3500,21.2500,18.7000,19.3600,14.3735,410885800,0.0000
2008-12-05,19.8750,19.9800,18.4700,19.8700,14.7522,411006600,0.0000
2008-11-28,19.8900,20.9400,19.5500,20.2200,15.0120,326567100,0.0000
2008-11-21,19.7400,20.2400,17.5000,19.6800,14.6111,606030700,0.1300
2008-11-14,21.8450,21.9700,18.7400,20.0600,14.7952,480321800,0.0000
2008-11-07,22.4800,23.6600,20.8600,21.5000,15.8573,381992200,0.0000
2008-10-31,21.6700,23.9700,21.0200,22.3300,16.4694,551852700,0.0000
2008-10-24,24.2000,25.0100,20.8900,21.9600,16.1965,652618500,0.0000
2008-10-17,22.8600,25.7300,21.3100,23.9300,17.6495,718711400,0.0000
2008-10-10,25.6300,25.9900,20.6500,21.5000,15.8573,824330600,0.0000
2008-10-03,26.9400,27.6600,25.0089,26.3200,19.4122,538642000,0.0000
2008-09-26,26.2200,27.5600,25.3200,27.4000,20.2088,474587100,0.0000
2008-09-19,26.9200,27.4900,23.5000,25.1600,18.5567,568268600,0.0000
2008-09-12,26.2100,27.7400,25.6700,27.6200,20.3711,371453200,0.0000
2008-09-05,27.6650,27.7600,25.6300,25.6500,18.9181,271654000,0.0000
2008-08-29,27.6100,28.0100,27.1300,27.2900,20.1277,229239100,0.0000
2008-08-22,27.7800,28.0500,26.8600,27.8400,20.5333,211452900,0.1100
2008-08-15,27.8600,28.5000,27.5600,27.8100,20.4289,279721700,0.0000
2008-08-08,25.3600,28.2300,25.1100,28.1300,20.6640,403815800,0.0000
2008-08-01,25.9300,26.4900,25.0700,25.4400,18.6880,321234900,0.0000
2008-07-25,25.6700,26.8400,25.4400,26.1600,19.2169,385416500,0.0000
2008-07-18,25.1100,27.9100,24.9300,25.8600,18.9965,472799000,0.0000
2008-07-11,26.1000,26.3900,24.8700,25.2500,18.5484,318699800,0.0000
2008-07-03,27.6500,27.9800,25.6000,25.9800,19.0846,221825946,0.0000
2008-06-27,28.2800,28.6700,27.4600,27.6300,20.2967,327143100,0.0000
2008-06-20,29.0100,29.1900,28.1000,28.2300,20.7375,328171600,0.0000
2008-06-13,27.6100,29.5700,27.1100,29.0700,21.3545,449517200,0.0000
2008-06-06,28.2400,28.3600,27.2000,27.4900,20.1939,397776700,0.0000
2008-05-30,28.0500,28.7000,28.0400,28.3200,20.8036,210751400,0.0000
2008-05-23,29.8900,29.8900,27.9500,28.0500,20.6052,296601500,0.0000
2008-05-16,29.3500,30.5300,29.3500,29.9900,22.0303,336837900,0.1100
2008-05-09,29.9500,30.2300,28.9300,29.3900,21.5101,423255800,0.0000
2008-05-02,29.8000,29.8350,28.4500,29.2400,21.4004,394359100,0.0000
2008-04-25,30.2000,32.1000,29.6000,29.8300,21.8322,480762300,0.0000
2008-04-18,28.2400,30.1000,27.9300,30.0000,21.9566,254237700,0.0000
2008-04-11,29.5500,29.5900,28.2100,28.2800,20.6977,254966700,0.0000
2008-04-04,27.8800,29.5800,27.8400,29.1600,21.3418,244898400,0.0000
2008-03-28,29.3300,29.4000,27.8300,27.9100,20.4269,240450200,0.0000
2008-03-20,27.3000,29.5900,27.2800,29.1800,21.3564,289797700,0.0000
2008-03-14,27.8300,29.4900,27.6400,27.9600,20.4635,436676700,0.0000
2008-03-07,27.2400,28.4100,26.8700,27.8700,20.3977,438685000,0.0000
2008-02-29,27.6500,28.8600,27.0200,27.1999,19.9072,494511600,0.0000
2008-02-22,28.8000,28.9600,27.2000,27.6800,20.2586,385799300,0.1100
2008-02-15,28.5200,29.0500,27.9100,28.4200,20.7193,467445800,0.0000
2008-02-08,30.4900,30.7200,27.9000,28.5600,20.8214,685685200,0.0000
2008-02-01,33.0200,33.2500,30.2500,30.4498,22.1991,650255700,0.0000
2008-01-25,31.5400,35.0000,31.0400,32.9400,24.0146,598751500,0.0000
2008-01-18,34.4600,34.5700,32.5100,33.0100,24.0656,446486700,0.0000
2008-01-11,34.5500,34.8000,33.3500,33.9100,24.7217,361252000,0.0000
2008-01-04,35.9000,35.9900,34.0900,34.3800,25.0644,219924300,0.0000
2007-12-28,36.1300,36.7200,35.6700,36.1200,26.3329,126633300,0.0000
2007-12-21,35.0300,36.0625,34.2100,36.0600,26.2892,311967600,0.0000
2007-12-14,34.6400,35.8400,33.9300,35.3100,25.7424,299539000,0.0000
2007-12-07,33.5000,34.7000,32.6300,34.5300,25.1737,291447500,0.0000
2007-11-30,34.0900,34.3700,32.6800,33.6000,24.4957,377759800,0.0000
2007-11-23,33.9600,34.9700,33.7100,34.1100,24.8675,286021500,0.0000
2007-11-16,33.3200,34.7500,33.0200,34.0900,24.8530,408367700,0.1100
2007-11-09,36.7600,37.1000,33.6500,33.7300,24.5123,510229200,0.0000
2007-11-02,34.8500,37.5000,34.3500,37.0600,26.9322,656057300,0.0000
2007-10-26,30.1200,36.0300,30.1200,35.0300,25.4570,644430400,0.0000
2007-10-19,30.0900,31.2300,30.0000,30.1700,21.9251,313937900,0.0000
2007-10-12,29.6600,30.6300,29.6000,30.1700,21.9251,208029500,0.0000
2007-10-05,29.4600,29.9900,29.2900,29.8400,21.6853,198090200,0.0000
2007-09-28,28.8100,29.8500,28.8000,29.4600,21.4092,329644000,0.0000
2007-09-21,28.7900,28.9650,28.2700,28.6499,20.8204,414046100,0.0000
2007-09-14,28.6700,29.2600,28.4100,29.0400,21.1039,182778300,0.0000
2007-09-07,28.5000,29.1000,28.3200,28.4400,20.6679,190951100,0.0000
2007-08-31,28.6100,28.9300,27.8200,28.7300,20.8787,198670200,0.0000
2007-08-24,28.1800,28.8400,27.8700,28.8100,20.9368,224547200,0.0000
2007-08-17,28.9400,28.9900,27.5100,28.2500,20.5298,304749200,0.1000
2007-08-10,29.0750,30.1000,28.2600,28.7100,20.7906,311132800,0.0000
2007-08-03,29.4050,29.7900,28.8200,28.9601,20.9717,323533700,0.0000
2007-07-27,31.3600,31.5200,29.3600,29.3901,21.2831,319829900,0.0000
2007-07-20,29.7600,31.8400,29.7200,31.1600,22.5648,409429100,0.0000
2007-07-13,29.8600,30.1100,29.1800,29.8200,21.5944,244337300,0.0000
2007-07-06,29.6700,30.2200,29.4900,29.9700,21.7030,187898100,0.0000
2007-06-29,29.4700,29.9700,29.0400,29.4700,21.3409,272963800,0.0000
2007-06-22,30.6900,30.7200,29.4500,29.4900,21.3554,281861500,0.0000
2007-06-15,29.9400,30.8800,29.7700,30.4900,22.0796,329883500,0.0000
2007-06-08,30.4200,30.7600,29.4100,30.0500,21.7609,257234600,0.0000
2007-06-01,30.4900,31.1600,30.3900,30.5900,22.1520,224509800,0.0000
2007-05-25,30.7300,31.1600,29.9600,30.4800,22.0723,239931300,0.0000
2007-05-18,30.8400,31.1400,30.5800,30.8300,22.3258,290534600,0.1000
2007-05-11,30.5200,30.9800,30.4800,30.8900,22.2971,270999700,0.0000
2007-05-04,30.1300,31.0000,29.9000,30.5600,22.0589,408437500,0.0000
2007-04-27,28.9600,30.7400,28.5900,30.1200,21.7413,312509900,0.0000
2007-04-20,28.6000,29.1000,28.2100,29.0200,20.9473,209649000,0.0000
2007-04-13,28.5750,28.7200,27.9900,28.6100,20.6513,193842900,0.0000
2007-04-05,27.8900,28.7800,27.5600,28.5500,20.6080,175174300,0.0000
2007-03-30,27.9400,28.2200,27.4000,27.8700,20.1172,243109200,0.0000
2007-03-23,27.3400,28.5500,27.2000,28.0200,20.2255,268577300,0.0000
2007-03-16,27.1800,27.4800,26.7100,27.3300,19.7274,304228600,0.0000
2007-03-09,27.4900,27.9400,26.6000,27.2800,19.6913,310161000,0.0000
2007-03-02,28.9600,29.1200,27.7300,27.7600,20.0378,380388900,0.0000
2007-02-23,28.6300,29.5400,28.4700,28.9000,20.8607,244124600,0.0000
2007-02-16,28.8900,29.6900,28.6499,28.7400,20.7452,331909500,0.1000
2007-02-09,29.9700,30.0200,28.9300,28.9800,20.8465,362100800,0.0000
2007-02-02,30.6500,31.1000,30.1300,30.1900,21.7169,309232200,0.0000
2007-01-26,31.0600,31.4800,30.4500,30.6000,22.0119,357325300,0.0000
2007-01-19,31.2600,31.4500,30.6900,31.1100,22.3787,253090400,0.0000
2007-01-12,29.6500,31.3900,29.4300,31.2100,22.4507,353311000,0.0000
2007-01-05,29.9100,30.2500,29.4000,29.6400,21.3213,167316800,0.0000
2006-12-29,29.5300,30.1500,29.4000,29.8600,21.4796,136777100,0.0000
2006-12-22,30.1900,30.2600,29.5300,29.6400,21.3213,212253200,0.0000
2006-12-15,29.1900,30.2300,29.1100,30.1900,21.7169,410894100,0.0000
2006-12-08,29.2300,29.5200,28.8000,29.4000,21.1487,304979500,0.0000
2006-12-01,29.6900,29.7800,28.8999,29.1200,20.9472,309653900,0.0000
2006-11-24,29.5200,30.0001,29.5000,29.7600,21.4076,216514300,0.0000
2006-11-17,29.1900,29.6400,29.0700,29.4000,21.1487,287912700,0.1000
2006-11-10,28.7700,29.4000,28.6600,29.2400,20.9619,321623300,0.0000
2006-11-03,28.3500,28.9900,28.3200,28.7300,20.5962,284853300,0.0000
2006-10-27,28.3000,28.7900,28.0400,28.3400,20.3167,309676000,0.0000
2006-10-20,28.4800,28.7001,28.1200,28.4300,20.3812,224116800,0.0000
2006-10-13,27.8000,28.6900,27.4200,28.3700,20.3382,355111200,0.0000
2006-10-06,27.3200,28.1100,27.1500,27.8700,19.9797,292904900,0.0000
2006-09-29,26.8100,27.5200,26.7900,27.3500,19.6069,267367500,0.0000
2006-09-22,26.7400,27.2500,26.4800,26.6600,19.1123,270058100,0.0000
2006-09-15,25.4300,26.9400,25.4200,26.8500,19.2485,345945900,0.0000
2006-09-08,25.6900,25.9600,25.3900,25.6000,18.3524,182516500,0.0000
2006-09-01,25.8400,26.0000,25.6300,25.8400,18.5244,165160300,0.0000
2006-08-25,25.6600,26.2501,25.5000,25.8500,18.5316,291408400,0.0000
2006-08-18,24.5200,25.8000,24.3500,25.7900,18.4886,323289600,0.0900
2006-08-11,24.2800,24.6400,24.1900,24.4300,17.4498,201448300,0.0000
2006-08-04,24.0700,24.4901,23.8500,24.2900,17.3498,224730800,0.0000
2006-07-28,24.0100,24.6000,23.7700,24.2500,17.3213,311697200,0.0000
2006-07-21,22.2900,24.1500,22.2600,23.8700,17.0498,436378000,0.0000
2006-07-14,23.4300,23.6600,22.2300,22.2900,15.9213,357219600,0.0000
2006-07-07,23.5300,23.7200,23.3000,23.3000,16.6427,186748900,0.0000
2006-06-30,22.6500,23.6500,22.6300,23.3000,16.6427,404754000,0.0000
2006-06-23,22.1400,23.1700,22.1200,22.5000,16.0713,449022900,0.0000
2006-06-16,21.9500,22.2800,21.4599,22.1000,15.7856,542650300,0.0000
2006-06-09,22.7200,22.7300,21.9700,22.0300,15.7356,421043600,0.0000
2006-06-02,23.5500,23.7600,22.6200,22.7600,16.2570,326865900,0.0000
2006-05-26,22.4800,23.9201,22.4500,23.7200,16.9427,404579600,0.0000
2006-05-19,23.1000,24.0000,22.5200,22.5600,16.1141,443555800,0.0900
2006-05-12,23.8500,25.0000,23.0500,23.1700,16.4857,408635300,0.0000
2006-05-05,24.3300,25.0000,23.1400,23.8000,16.9340,879723200,0.0000
2006-04-28,27.0600,27.6300,24.0000,24.1500,17.1830,818292700,0.0000
2006-04-21,27.0100,27.5000,26.7000,27.1500,19.3176,241356300,0.0000
2006-04-13,27.2000,27.4400,26.9700,27.0700,19.2606,142728400,0.0000
2006-04-07,27.6700,27.9410,27.2300,27.2500,19.3887,243749500,0.0000
2006-03-31,27.0200,27.5410,26.8100,27.2100,19.3603,288381900,0.0000
2006-03-24,27.6900,28.2200,26.6200,27.0100,19.2180,428830300,0.0000
2006-03-17,26.9790,27.6600,26.9400,27.5000,19.5666,331725100,0.0000
2006-03-10,26.9200,27.5000,26.8100,27.1700,19.3318,248873300,0.0000
2006-03-03,26.7500,27.3000,26.6700,26.9300,19.1610,256467900,0.0000
2006-02-24,26.6600,26.8901,26.3400,26.6300,18.9476,185372100,0.0000
2006-02-17,26.6100,26.9300,26.3400,26.7000,18.9974,258330500,0.0900
2006-02-10,27.5000,27.5400,26.5100,26.6900,18.9269,289113900,0.0000
2006-02-03,27.7900,28.3800,27.3400,27.5400,19.5297,397385400,0.0000
2006-01-27,26.4100,27.9501,26.2200,27.7900,19.7069,374068400,0.0000
2006-01-20,26.9000,27.2400,26.2600,26.4100,18.7283,250476300,0.0000
2006-01-13,26.9300,27.3900,26.5900,27.1900,19.2815,278080400,0.0000
2006-01-06,26.2500,27.1300,26.1000,26.9100,19.0829,287157100,0.0000
2005-12-30,26.6800,26.8500,26.1000,26.1500,18.5440,156803500,0.0000
2005-12-23,26.8200,26.9100,26.4190,26.6400,18.8914,329407700,0.0000
2005-12-16,27.7000,27.7500,26.8100,26.9000,19.0758,400679500,0.0000
2005-12-09,27.9300,28.0200,27.5500,27.7100,19.6502,281479100,0.0000
2005-12-02,27.7900,28.1010,27.5300,28.0100,19.8630,278968000,0.0000
2005-11-25,28.0700,28.2402,27.4650,27.7600,19.6857,284671500,0.0000
2005-11-18,27.3600,28.2500,27.2000,28.0700,19.9055,385292400,0.0800
2005-11-11,26.7200,27.3901,26.6399,27.2800,19.2892,322019000,0.0000
2005-11-04,25.6100,26.7100,25.5000,26.6600,18.8508,352445200,0.0000
2005-10-28,24.8900,25.6001,24.6800,25.5300,18.0518,319482000,0.0000
2005-10-21,24.6800,25.1300,24.4399,24.7800,17.5215,311088900,0.0000
2005-10-14,24.6700,25.5900,24.2500,24.6700,17.4437,320781300,0.0000
2005-10-07,25.7100,25.7326,24.5200,24.5900,17.3871,413185600,0.0000
2005-09-30,25.4000,26.0000,25.2100,25.7300,18.1932,300472600,0.0000
2005-09-23,26.0900,26.2700,25.1200,25.2700,17.8679,328869200,0.0000
2005-09-16,26.5800,26.7600,25.9700,26.0700,18.4336,406684500,0.0000
2005-09-09,27.0600,27.2900,26.5200,26.5800,18.7942,184813200,0.0000
2005-09-02,26.8200,27.4400,26.8100,27.0200,19.1053,300703100,0.0000
2005-08-26,26.7900,27.1700,26.7400,26.9700,19.0700,229714300,0.0000
2005-08-19,26.9800,27.3008,26.6600,26.7200,18.8932,222189700,0.0800
2005-08-12,27.8000,27.8400,26.8500,27.0500,19.0703,305441100,0.0000
2005-08-05,25.8200,27.9400,25.7600,27.7600,19.5709,511953100,0.0000
2005-07-29,25.6900,26.0000,25.5300,25.6100,18.0551,258891400,0.0000
2005-07-22,25.7100,26.4800,25.5500,25.6800,18.1045,434873900,0.0000
2005-07-15,25.1500,26.1000,25.1100,25.7900,18.1820,295639000,0.0000
2005-07-08,24.6600,25.1900,24.5000,25.0900,17.6885,262285000,0.0000
2005-07-01,25.0700,25.3200,24.6700,24.7100,17.4206,322290800,0.0000
2005-06-24,24.9800,25.6200,24.9300,25.0400,17.6533,355246100,0.0000
2005-06-17,25.3600,25.4900,24.9200,25.0400,17.6533,300852300,0.0000
2005-06-10,25.3800,25.8300,25.3100,25.4300,17.9282,232865700,0.0000
2005-06-03,25.9700,26.0300,25.3400,25.4300,17.9282,207624100,0.0000
2005-05-27,25.7500,26.0900,25.5000,26.0700,18.3794,278015000,0.0000
2005-05-20,25.2300,26.0500,24.3100,25.7400,18.1468,278308200,0.0800
2005-05-13,25.2300,25.3800,24.6400,25.3000,17.7808,335315800,0.0000
2005-05-06,25.2300,25.4800,24.9500,25.2200,17.7245,332793600,0.0000
2005-04-29,25.0700,25.3000,24.4400,25.3000,17.7808,365919300,0.0000
2005-04-22,24.4500,25.3900,24.3000,24.9800,17.5559,407295900,0.0000
2005-04-15,25.0300,25.4500,24.4100,24.4600,17.1904,343244900,0.0000
2005-04-08,24.1100,25.2500,23.9400,24.9400,17.5277,339174000,0.0000
2005-04-01,24.4000,24.4700,23.8200,24.1200,16.9515,310621300,0.0000
2005-03-24,24.3500,24.4700,23.9599,24.2800,17.0639,331673700,0.0000
2005-03-18,25.0800,25.2400,24.2800,24.3100,17.0850,408338500,0.0000
2005-03-11,25.1700,25.7900,25.0600,25.0900,17.6332,316021800,0.0000
2005-03-04,25.2200,25.4800,25.1296,25.1700,17.6894,322103600,0.0000
2005-02-25,25.2400,25.4900,25.1500,25.2500,17.7456,327812600,0.0000
2005-02-18,26.0118,26.1200,25.4000,25.4800,17.9073,336868100,0.0800
2005-02-11,26.2700,26.3400,25.8100,25.9700,18.1955,352614200,0.0000
2005-02-04,26.3500,26.5200,26.1000,26.3200,18.4407,332545200,0.0000
2005-01-28,25.7700,26.6500,25.6400,26.1800,18.3426,405236700,0.0000
2005-01-21,26.0300,26.3500,25.6400,25.6500,17.9713,262141600,0.0000
2005-01-14,26.6000,26.8600,26.0400,26.1200,18.3006,390071600,0.0000
2005-01-07,26.8000,27.1000,26.6200,26.6700,18.6859,392522300,0.0000
2004-12-31,27.0200,27.1000,26.6790,26.7200,18.7210,261944200,0.0000
2004-12-23,27.0200,27.1700,26.7800,27.0100,18.9241,309652700,0.0000
2004-12-17,27.1000,27.4000,26.7951,26.9600,18.8891,543141500,0.0000
2004-12-10,27.1000,27.4400,26.9100,27.0800,18.9732,416563600,0.0000
2004-12-03,26.6350,27.4400,26.6100,27.2300,19.0783,415516000,0.0000
2004-11-26,26.7600,26.8200,24.8600,26.6000,18.6369,247338400,0.0000
2004-11-19,27.3500,27.5000,26.8400,26.8600,18.8191,376879800,3.0800
2004-11-12,29.1900,30.2000,29.1300,29.9700,18.8755,546928700,0.0000
2004-11-05,28.1500,29.3600,27.9600,29.3100,18.4598,425220100,0.0000
2004-10-29,27.6800,28.5400,27.4200,27.9700,17.6159,353958400,0.0000
2004-10-22,28.0600,28.8900,27.5800,27.7400,17.4710,373356600,0.0000
2004-10-15,28.2000,28.2700,27.7990,27.9900,17.6285,241981800,0.0000
2004-10-08,28.4200,28.5900,27.9700,27.9900,17.6285,264991600,0.0000
2004-10-01,27.1800,28.3200,27.0400,28.2500,17.7922,308918800,0.0000
2004-09-24,27.4300,27.7400,27.0700,27.2900,17.1876,295812600,0.0000
2004-09-17,27.5400,27.5700,26.7400,27.5100,17.3261,257999400,0.0000
2004-09-10,27.2900,27.5100,27.1400,27.4900,17.3135,207740700,0.0000
2004-09-03,27.3000,27.6800,26.8500,27.1100,17.0742,225629900,0.0000
2004-08-27,27.2700,27.6700,27.0900,27.4600,17.2947,202634400,0.0800
2004-08-20,27.0800,27.5000,26.8900,27.2000,17.0807,262858700,0.0000
2004-08-13,27.2500,27.7500,25.9500,27.0200,16.9677,256220400,0.0000
2004-08-06,28.2700,28.5500,27.0600,27.1400,17.0431,283695500,0.0000
2004-07-30,28.3700,28.8100,28.1300,28.4900,17.8908,327776100,0.0000
2004-07-23,27.6200,29.8900,27.6000,28.0300,17.6020,572896600,0.0000
2004-07-16,27.6900,28.3600,27.2500,27.4800,17.2566,289853700,0.0000
2004-07-09,28.3200,28.3300,27.5500,27.8600,17.4952,244789000,0.0000
2004-07-02,28.6300,28.8400,28.1700,28.5700,17.9411,331071700,0.0000
2004-06-25,28.2300,28.6600,27.8100,28.5700,17.9411,411012400,0.0000
2004-06-18,26.5600,28.5000,26.5300,28.3500,17.8029,488638200,0.0000
2004-06-10,26.0200,26.7900,25.9700,26.7700,16.8107,222161000,0.0000
2004-06-04,26.1200,26.2800,25.8600,25.9500,16.2958,197137900,0.0000
2004-05-28,26.0400,26.3500,25.6000,26.2300,16.4716,259637300,0.0000
2004-05-21,25.4800,26.2700,25.4200,25.8900,16.2581,283260200,0.0000
2004-05-14,25.6400,26.1900,25.4300,25.8600,16.2393,294321000,0.0000
2004-05-07,26.2100,26.6000,25.7500,25.7800,16.1890,304238400,0.0000
2004-04-30,27.4600,27.5500,25.9600,26.1300,16.4088,386909500,0.0000
2004-04-23,25.0800,27.7200,25.0600,27.5400,17.2942,511223400,0.0000
2004-04-16,25.4800,25.7700,25.1000,25.1600,15.7997,282363400,0.0000
2004-04-08,25.8000,25.9800,25.3500,25.4800,16.0006,211355800,0.0000
2004-04-02,25.2400,25.9000,24.8500,25.8500,16.2330,348520900,0.0000
2004-03-26,24.5300,25.5100,24.0100,25.0300,15.7180,464149000,0.0000
2004-03-19,25.3300,25.4600,24.5600,24.6300,15.4669,400043100,0.0000
2004-03-12,26.3100,26.3500,25.0700,25.3800,15.9378,380308700,0.0000
2004-03-05,26.6500,26.7200,26.2000,26.3500,16.5470,277115000,0.0000
2004-02-27,26.7500,26.9900,26.3500,26.5300,16.6600,294828200,0.0000
2004-02-20,26.7000,27.1100,26.4300,26.5700,16.6851,213474200,0.0000
2004-02-13,27.1800,27.2300,26.5000,26.5900,16.6977,249492500,0.0000
2004-02-06,27.6300,27.8000,26.8300,27.0800,17.0054,274270700,0.0000
2004-01-30,28.4900,28.8300,27.4700,27.6500,17.3633,297108900,0.0000
2004-01-23,27.9900,28.7600,27.8500,28.4800,17.8845,322323400,0.0000
2004-01-16,27.6700,27.8800,27.2600,27.8100,17.4638,273795600,0.0000
2004-01-09,27.7300,28.4800,27.5900,27.6600,17.3696,294473400,0.0000
2004-01-02,27.2100,27.7700,27.1600,27.4500,17.2377,161519900,0.0000
2003-12-26,27.1600,27.4300,26.9700,27.2100,17.0870,115504900,0.0000
2003-12-19,27.0500,27.5500,26.6800,27.3600,17.1812,354585100,0.0000
2003-12-12,26.1200,26.8100,25.8100,26.6500,16.7354,425367900,0.0000
2003-12-05,25.9000,26.4800,25.5000,25.9800,16.3146,463971200,0.0000
2003-11-28,25.3300,25.9500,25.2800,25.7100,16.1451,288288600,0.0000
2003-11-21,25.3900,25.8400,24.8400,25.1100,15.7683,467180400,0.0000
2003-11-14,26.1200,26.2300,25.4400,25.5000,16.0132,357543000,0.0000
2003-11-07,26.3500,26.7500,26.0000,26.1000,16.3900,329324700,0.0000
2003-10-31,26.9100,27.2500,25.9100,26.1400,16.4151,379276300,0.0000
2003-10-24,28.9500,29.4300,26.4200,26.6100,16.7102,409676000,0.0000
2003-10-17,28.9800,29.3100,28.4800,28.9300,18.1671,223606200,0.1600
2003-10-10,29.1500,29.3700,28.6700,28.9100,18.0552,233651500,0.0000
2003-10-03,28.4100,29.4600,27.7500,29.0800,18.1614,264536500,0.0000
2003-09-26,29.3900,30.0000,28.1400,28.1900,17.6055,295932200,0.0000
2003-09-19,28.3700,29.9700,28.3200,29.9600,18.7109,300416400,0.0000
2003-09-12,28.3900,28.9200,27.4500,28.3400,17.6992,238774500,0.0000
2003-09-05,26.7000,28.7500,26.4700,28.3800,17.7242,307472000,0.0000
2003-08-29,26.3100,26.6700,25.9600,26.5200,16.5626,195027000,0.0000
2003-08-22,25.5600,26.9500,25.4600,26.2200,16.3752,305158600,0.0000
2003-08-15,25.6100,25.9900,25.4300,25.5400,15.9505,179225400,0.0000
2003-08-08,26.1500,26.5400,25.4300,25.5800,15.9755,244446200,0.0000
2003-08-01,26.9400,27.0000,26.1200,26.1700,16.3440,263444200,0.0000
2003-07-25,26.8700,26.9500,25.9800,26.8900,16.7936,257829600,0.0000
2003-07-18,27.6300,27.8100,26.5400,26.8900,16.7936,300064300,0.0000
2003-07-11,27.0200,27.8000,26.5900,27.3100,17.0559,318886400,0.0000
2003-07-03,25.9400,26.9500,25.3900,26.5000,16.5501,242509300,0.0000
2003-06-27,26.1400,26.5100,25.1400,25.6300,16.0067,292686700,0.0000
2003-06-20,24.8000,26.4300,24.6700,26.3300,16.4439,431506000,0.0000
2003-06-13,23.7200,25.2500,23.6000,24.6500,15.3947,351369100,0.0000
2003-06-06,24.9800,25.2200,23.6500,23.6700,14.7826,446360900,0.0000
2003-05-30,24.2500,24.9100,24.2200,24.6100,15.3697,320501800,0.0000
2003-05-23,25.4000,25.5400,23.8900,24.2200,15.1261,387099900,0.0000
2003-05-16,26.1500,26.4700,25.4100,25.5700,15.9693,249494800,0.0000
2003-05-09,26.2500,26.5000,25.7100,26.3600,16.4626,259126000,0.0000
2003-05-02,25.3900,26.2900,25.2500,26.1000,16.3003,272512900,0.0000
2003-04-25,25.6100,25.9900,25.0300,25.2200,15.7507,261322100,0.0000
2003-04-17,24.2700,25.7400,24.0000,25.5000,15.9255,259533900,0.0000
2003-04-11,26.2300,26.4300,23.9500,24.2000,15.1136,319809400,0.0000
2003-04-04,24.2500,26.0900,24.0100,25.0900,15.6695,302604600,0.0000
2003-03-28,25.5500,25.9300,24.5900,24.6700,15.4072,276001800,0.0000
2003-03-21,24.5200,26.8000,24.3300,26.5700,16.5938,410130000,0.0000
2003-03-14,23.3100,24.9600,22.5500,24.8600,15.5258,330936500,0.0000
2003-03-07,24.0200,24.1200,22.9000,23.5600,14.7139,283450300,0.0000
2003-02-28,24.4400,24.5000,23.3000,23.7000,14.8014,319632400,0.0000
2003-02-21,24.6200,24.9900,23.7000,24.6300,15.3822,183360850,0.0800
2003-02-14,46.8000,48.5000,46.0000,48.3000,15.0334,196846600,0.0000
2003-02-07,47.9300,49.1000,46.4100,46.5800,14.4980,210788300,0.0000
2003-01-31,49.3200,50.6000,47.0300,47.4600,14.7719,251304800,0.0000
2003-01-24,51.8700,52.5400,49.7000,49.8500,15.5158,173754500,0.0000
2003-01-17,56.5200,57.3200,51.3100,51.4600,16.0169,205946900,0.0000
2003-01-10,54.0200,56.3000,53.8000,55.9200,17.4051,167038900,0.0000
2003-01-03,53.0100,53.8000,51.2600,53.7900,16.7422,114400200,0.0000
2002-12-27,53.0500,54.6900,52.9000,52.9700,16.4869,72652000,0.0000
2002-12-20,53.0000,54.9900,52.6700,53.0400,16.5087,176690400,0.0000
2002-12-13,55.0000,55.2200,52.4900,52.5000,16.3406,158633300,0.0000
2002-12-06,58.6500,58.9600,54.2200,55.4700,17.2651,173095200,0.0000
2002-11-29,58.0600,58.6400,56.7800,57.6800,17.9529,106909100,0.0000
2002-11-22,56.9500,58.3000,54.3100,58.2200,18.1210,181924700,0.0000
2002-11-15,55.0700,57.0000,53.8200,56.6900,17.6448,201490300,0.0000
2002-11-08,56.7500,57.2500,55.0100,55.1000,17.1499,235125600,0.0000
2002-11-01,53.4000,54.0700,50.8500,53.0000,16.4963,237973300,0.0000
2002-10-25,51.9700,53.3700,50.9000,52.6800,16.3967,240831700,0.0000
2002-10-18,48.2500,53.2000,47.8400,53.1500,16.5430,320223700,0.0000
2002-10-11,43.8100,48.9000,43.2500,48.8700,15.2108,277972000,0.0000
2002-10-04,44.8700,46.8100,43.1100,43.7700,13.6234,271022000,0.0000
2002-09-27,46.6000,47.5000,44.6300,45.2500,14.0841,241453200,0.0000
2002-09-20,47.6000,48.9000,46.5900,47.4600,14.7719,207929100,0.0000
2002-09-13,47.2500,51.1000,46.6300,47.9100,14.9120,183161200,0.0000
2002-09-06,48.5200,48.6000,45.8800,47.8200,14.8840,157520900,0.0000
2002-08-30,52.5000,52.6500,48.5200,49.0800,15.2762,171205800,0.0000
2002-08-23,50.0400,53.4500,49.8500,52.2200,16.2535,180908000,0.0000
2002-08-16,47.6100,50.7400,46.9200,50.0000,15.5625,210887500,0.0000
2002-08-09,44.2900,49.1500,43.8100,48.1200,14.9774,205902100,0.0000
2002-08-02,46.8500,48.8300,43.8000,44.4100,13.8226,253332600,0.0000
2002-07-26,48.9500,49.9900,41.4100,45.3500,14.1152,418694300,0.0000
2002-07-19,51.3900,53.3000,48.0000,49.5600,15.4256,267876000,0.0000
2002-07-12,54.4100,54.9300,51.2500,51.8600,16.1414,232217200,0.0000
2002-07-05,54.1200,54.9000,50.4500,54.8500,17.0721,132949100,0.0000
2002-06-28,52.0900,55.7900,51.0500,54.7000,17.0254,243023900,0.0000
2002-06-21,55.6600,56.4400,52.2800,52.2800,16.2722,228236600,0.0000
2002-06-14,51.6500,55.7800,51.4600,55.2500,17.1966,235798700,0.0000
2002-06-07,50.9900,52.6000,49.1700,51.9800,16.1788,209977300,0.0000
2002-05-31,53.5900,53.6900,50.8800,50.9100,15.8458,112338100,0.0000
2002-05-24,55.5000,55.5500,51.8500,53.2600,16.5772,128400000,0.0000
2002-05-17,50.4500,56.4400,49.7500,56.0300,17.4394,154058000,0.0000
2002-05-10,49.4400,55.0000,48.3500,50.0500,15.5781,201811900,0.0000
2002-05-03,51.4700,54.0700,49.5100,49.5600,15.4256,187340100,0.0000
2002-04-26,56.5200,56.7000,51.4600,51.5000,16.0294,150517000,0.0000
2002-04-19,56.0000,58.2800,52.6800,57.2000,17.8035,166766200,0.0000
2002-04-12,54.3000,57.4300,54.2600,55.9300,17.4082,161451200,0.0000
2002-04-05,59.8300,60.4000,55.4200,55.8700,17.3896,156190300,0.0000
2002-03-28,60.4800,60.9200,58.3100,60.3100,18.7715,104164600,0.0000
2002-03-22,62.7400,63.0000,59.8300,60.4500,18.8151,115686600,0.0000
2002-03-15,63.5100,65.0000,60.9700,62.4900,19.4500,137709600,0.0000
2002-03-08,61.2400,64.7000,60.8700,63.9500,19.9045,148003500,0.0000
2002-03-01,57.9400,61.4200,57.8900,61.3700,19.1014,155521000,0.0000
2002-02-22,59.9100,60.3600,57.1500,57.9900,18.0494,116750400,0.0000
2002-02-15,60.0100,62.9900,59.5900,60.2300,18.7466,128744400,0.0000
2002-02-08,62.4000,62.6900,58.8300,60.6500,18.8773,163890500,0.0000
2002-02-01,64.2300,64.5000,61.3300,62.6600,19.5029,149708200,0.0000
2002-01-25,66.6100,66.6300,63.2400,63.8000,19.8578,145053700,0.0000
2002-01-18,68.3000,70.0000,65.4200,66.1000,20.5737,179884500,0.0000
2002-01-11,69.7500,70.6200,68.0000,68.6100,21.3549,152919500,0.0000
2002-01-04,67.8400,69.9100,65.5100,68.9000,21.4452,105726200,0.0000
2001-12-28,67.7200,69.0700,67.2000,67.8700,21.1246,51111700,0.0000
2001-12-21,67.1700,69.8900,66.6200,67.5400,21.0219,162111900,0.0000
2001-12-14,67.5200,68.4500,65.9300,67.4400,20.9907,118407000,0.0000
2001-12-07,63.8300,69.0000,63.8000,67.8300,21.1121,135410800,0.0000
2001-11-30,64.9900,65.7100,62.7300,64.2100,19.9854,144803900,0.0000
2001-11-23,66.2500,67.8000,63.4800,64.7100,20.1410,94233300,0.0000
2001-11-16,64.7000,68.3400,63.6500,65.7500,20.4647,171854500,0.0000
2001-11-09,61.8600,66.0600,61.7500,65.2100,20.2966,158077000,0.0000
2001-11-02,62.1000,63.0200,58.1000,61.4000,19.1108,185128100,0.0000
2001-10-26,57.9000,63.6300,57.4700,62.2000,19.3598,185808800,0.0000
2001-10-19,55.9000,59.3000,55.5000,57.9000,18.0214,188942100,0.0000
2001-10-12,56.8000,58.6500,53.0000,56.3800,17.5483,196741100,0.0000
2001-10-05,50.9400,58.4000,50.4100,57.7200,17.9654,215341000,0.0000
2001-09-28,50.6500,53.0000,48.0000,51.1700,15.9267,213438800,0.0000
2001-09-21,54.0200,55.1000,47.5000,49.7100,15.4723,320297300,0.0000
2001-09-10,54.9200,57.9500,54.7000,57.5800,17.9218,42235900,0.0000
2001-09-07,57.1900,59.0800,55.3100,55.4000,17.2433,179440200,0.0000
2001-08-31,61.9000,63.3600,56.3000,57.0500,17.7568,147844200,0.0000
2001-08-24,61.6600,63.2000,59.0000,62.0500,19.3131,144401200,0.0000
2001-08-17,65.2400,66.0900,61.5000,61.8800,19.2602,102399700,0.0000
2001-08-10,66.5300,67.2400,62.9000,65.5200,20.3931,105734200,0.0000
2001-08-03,65.6500,67.5400,65.5400,66.8900,20.8195,127182900,0.0000
2001-07-27,69.2400,69.2400,65.0500,65.4700,20.3776,182482500,0.0000
2001-07-20,71.4500,73.0000,67.9400,69.1800,21.5323,188787800,0.0000
2001-07-13,66.2000,72.0500,64.2000,71.3400,22.2046,196937200,0.0000
2001-07-06,72.0500,73.1500,65.6700,66.0600,20.5612,108779000,0.0000
2001-06-29,69.1000,76.1500,67.7000,73.0000,22.7213,202375900,0.0000
2001-06-22,67.9500,70.6100,66.0100,68.8300,21.4234,152554200,0.0000
2001-06-15,72.8500,72.8500,66.4000,68.0200,21.1713,174844700,0.0000
2001-06-08,70.5500,73.7500,69.8000,73.1900,22.7804,166020300,0.0000
2001-06-01,70.8000,71.7500,68.4000,70.3400,21.8934,142991400,0.0000
2001-05-25,68.0500,71.9000,67.7500,70.9100,22.0708,207056900,0.0000
2001-05-18,69.1300,70.1400,67.2500,68.0900,21.1930,197918800,0.0000
2001-05-11,70.8300,72.1500,68.6500,69.4000,21.6008,188290100,0.0000
2001-05-04,68.5300,71.1500,67.6000,70.7500,22.0210,218373600,0.0000
2001-04-27,68.1100,71.0000,66.2100,67.1200,20.8911,249200900,0.0000
2001-04-20,61.4000,71.1000,60.0400,69.0000,21.4763,329999100,0.0000
2001-04-12,56.5700,62.3100,55.6600,62.1800,19.3535,181447300,0.0000
2001-04-06,54.8100,57.3800,51.0600,56.1900,17.4892,240072100,0.0000
2001-03-30,57.1300,58.5600,53.8800,54.6900,17.0223,207561200,0.0000
2001-03-23,54.5000,57.0000,49.7500,56.5600,17.6043,251865300,0.0000
2001-03-16,54.6900,56.0800,51.6300,54.5600,16.9818,240292500,0.0000
2001-03-09,57.2500,61.1300,54.8800,56.6900,17.6448,167164700,0.0000
2001-03-02,57.6300,61.1900,56.2500,56.6900,17.6448,216638100,0.0000
2001-02-23,57.3800,58.2500,53.8800,56.7500,17.6635,159057500,0.0000
2001-02-16,58.8100,61.0600,56.1300,57.3100,17.8378,170837300,0.0000
2001-02-09,60.7500,65.0600,58.5000,59.1300,18.4042,231259700,0.0000
2001-02-02,63.5600,64.7500,60.3800,60.8100,18.9271,183526100,0.0000
2001-01-26,60.7500,64.3100,58.9400,64.0000,19.9200,218080300,0.0000
2001-01-19,53.3800,61.4400,51.1300,61.0000,18.9863,230222100,0.0000
2001-01-12,48.9400,55.7500,46.6900,53.5000,16.6519,230290000,0.0000
2001-01-05,44.1300,50.5000,42.8800,49.1300,15.2917,212093500,0.0000
2000-12-29,46.8800,48.5600,43.0000,43.3800,13.5020,156771100,0.0000
2000-12-22,49.0000,50.0000,40.3100,46.4400,14.4545,324610900,0.0000
2000-12-15,55.5000,60.5000,47.7500,49.1900,15.3104,222571900,0.0000
2000-12-08,57.2500,60.5000,52.2500,54.4400,16.9445,269475300,0.0000
2000-12-01,71.4400,72.2500,56.0600,56.6300,17.6261,309022400,0.0000
2000-11-24,68.1200,70.4400,65.5600,69.9400,21.7689,125213600,0.0000
2000-11-17,66.6900,71.5000,64.4100,69.0600,21.4950,213329900,0.0000
2000-11-10,68.6900,72.3700,66.8100,67.3700,20.9689,285067500,0.0000
2000-11-03,67.5000,70.8400,67.3700,68.2500,21.2428,221268600,0.0000
2000-10-27,64.6200,69.1900,60.1900,67.6900,21.0685,343160300,0.0000
2000-10-20,53.5000,66.1200,48.4400,65.1900,20.2904,364471900,0.0000
2000-10-13,55.6300,56.9400,52.1300,53.7500,16.7297,208168200,0.0000
2000-10-06,60.5000,60.8100,54.5000,55.5600,17.2931,211641600,0.0000
2000-09-29,63.2500,65.8700,58.6300,60.3100,18.7715,220879300,0.0000
2000-09-22,64.2500,65.7500,61.0000,63.2500,19.6866,174784600,0.0000
2000-09-15,69.1200,69.6900,63.3100,64.1900,19.9792,157219700,0.0000
2000-09-08,70.0000,72.0600,69.1900,69.3100,21.5728,141068400,0.0000
2000-09-01,70.1900,72.7500,69.6900,70.1900,21.8467,139762900,0.0000
2000-08-25,70.6900,72.4400,69.9400,70.6200,21.9805,110204700,0.0000
2000-08-18,72.3100,73.3700,70.0000,71.0000,22.0988,114834500,0.0000
2000-08-11,70.1900,74.8700,69.7500,72.4400,22.5470,169670900,0.0000
2000-08-04,70.1900,71.1200,68.1200,69.1200,21.5136,129183700,0.0000
2000-07-28,72.0600,72.1200,67.2500,69.6900,21.6910,177871000,0.0000
2000-07-21,78.2500,79.5600,71.8700,72.3100,22.5065,187662900,0.0000
2000-07-14,80.6900,81.3100,77.1900,78.9400,24.5701,140124300,0.0000
2000-07-07,79.6900,82.8700,78.2500,82.0000,25.5225,76292800,0.0000
2000-06-30,77.5000,80.1200,76.6900,80.0000,24.9000,103811400,0.0000
2000-06-23,72.5600,82.1900,72.0000,77.6900,24.1810,203203100,0.0000
2000-06-16,69.0000,73.1200,66.1200,72.5600,22.5843,153922700,0.0000
2000-06-09,66.0200,72.1200,66.0000,68.8100,21.4171,185102700,0.0000
2000-06-02,62.4400,66.7500,62.0000,66.3100,20.6390,149237500,0.0000
2000-05-26,65.1200,66.5600,60.3800,61.4400,19.1232,181785700,0.0000
2000-05-19,69.0000,70.6200,64.5000,65.0600,20.2499,127885300,0.0000
2000-05-12,70.9400,71.3700,65.7500,68.8100,21.4171,130491400,0.0000
2000-05-05,72.8700,74.0000,68.8100,71.1200,22.1361,170300700,0.0000
2000-04-28,67.2500,71.1200,65.0000,69.7500,21.7097,368003400,0.0000
2000-04-20,74.2500,81.9400,73.0000,78.9400,24.5701,158834800,0.0000
2000-04-14,88.6200,88.6200,73.2500,74.1200,23.0699,265592500,0.0000
2000-04-07,94.4400,96.5000,84.9400,89.0600,27.7200,336642600,0.0000
2000-03-31,107.7700,108.9400,102.3700,106.2500,33.0704,192686000,0.0000
2000-03-24,98.7500,115.0000,96.5000,111.6900,34.7636,241909200,0.0000
2000-03-17,97.6200,100.2500,93.2500,99.3700,30.9290,173495700,0.0000
2000-03-10,96.0000,102.5000,90.1200,101.0000,31.4363,248374100,0.0000
2000-03-03,90.2500,98.8700,88.1200,96.1200,29.9174,224913400,0.0000
2000-02-25,95.1200,97.1200,90.5000,91.3100,28.4203,138589000,0.0000
2000-02-18,101.2300,101.7500,94.8700,95.0600,29.5875,188332600,0.0000
2000-02-11,106.8100,110.0000,99.1200,99.9400,31.1064,160705800,0.0000
2000-02-04,97.6200,108.0000,94.8700,106.5600,33.1668,148928900,0.0000
2000-01-28,103.8000,105.6900,97.2500,98.2500,30.5803,147333000,0.0000
2000-01-21,111.8100,116.5000,103.2500,103.7500,32.2922,151908900,0.0000
2000-01-14,113.4400,114.2500,101.5000,112.2500,34.9379,157400000,0.0000
2000-01-07,117.3700,118.6200,107.3100,111.4400,34.6857,144198600,0.0000
1999-12-31,118.4400,119.9400,116.1200,116.7500,36.3385,54560000,0.0000
1999-12-23,114.8100,119.2500,110.6200,117.4400,36.5532,83236700,0.0000
1999-12-17,93.6100,117.1200,92.7500,115.2500,35.8716,293469200,0.0000
1999-12-10,95.2500,97.1900,91.4400,93.8700,29.2171,115003700,0.0000
1999-12-03,90.1200,97.1200,89.5000,96.1200,29.9174,142022200,0.0000
1999-11-26,89.6200,93.3700,88.3700,91.1200,28.3611,121834600,0.0000
1999-11-19,88.2500,88.5000,84.3700,86.0000,26.7675,147891900,0.0000
1999-11-12,84.8100,90.7500,84.3700,89.1900,27.7604,270831600,0.0000
